Workbook

Sheet Overview
B2: Attendance & leave report
B3: 01–30 September 2026 · company overview
B5: Employees | C5: Employees | D5: Employees | F5: Present days | G5: Present days | H5: Present days | J5: PL taken (days) | K5: PL taken (days) | L5: PL taken (days) | N5: LWP (days) | O5: LWP (days)
B6: =SUM(C28:C37) -> 125 | F6: =SUM(E28:E37) -> 2476.5 | J6: =SUM(I28:I37) -> 178.5 | N6: =SUM(J28:J37) -> 91.5
B25: Company summary
B27: Company | C27: Employees | D27: Total Working Days | E27: Present | F27: Absent | G27: Half Day PL | H27: Full Day PL | I27: Total PL Taken | J27: LWP Taken | K27: Week Off | L27: Holiday | M27: September Opening Balance | N27: PL Taken (Ledger) | O27: Available Balance
B28: ALLUVIUM IOT SOLUTIONS PRIVATE LIMITED | C28: =COUNTIFS('Employee Summary'!$A$7:$A$131,B28) -> 2 | D28: =SUMIFS('Employee Summary'!$C$7:$C$131,'Employee Summary'!$A$7:$A$131,$B28) -> 30 | E28: =SUMIFS('Employee Summary'!$D$7:$D$131,'Employee Summary'!$A$7:$A$131,$B28) -> 21 | F28: =SUMIFS('Employee Summary'!$E$7:$E$131,'Employee Summary'!$A$7:$A$131,$B28) -> 26 | G28: =SUMIFS('Employee Summary'!$F$7:$F$131,'Employee Summary'!$A$7:$A$131,$B28) -> 0 | H28: =SUMIFS('Employee Summary'!$G$7:$G$131,'Employee Summary'!$A$7:$A$131,$B28) -> 2 | I28: =SUMIFS('Employee Summary'!$H$7:$H$131,'Employee Summary'!$A$7:$A$131,$B28) -> 2 | J28: =SUMIFS('Employee Summary'!$I$7:$I$131,'Employee Summary'!$A$7:$A$131,$B28) -> 4 | K28: =SUMIFS('Employee Summary'!$J$7:$J$131,'Employee Summary'!$A$7:$A$131,$B28) -> 6 | L28: =SUMIFS('Employee Summary'!$K$7:$K$131,'Employee Summary'!$A$7:$A$131,$B28) -> 1 | M28: =SUMIFS('Employee Summary'!$L$7:$L$131,'Employee Summary'!$A$7:$A$131,$B28) -> 10 | N28: =SUMIFS('Employee Summary'!$M$7:$M$131,'Employee Summary'!$A$7:$A$131,$B28) -> 2 | O28: =SUMIFS('Employee Summary'!$N$7:$N$131,'Employee Summary'!$A$7:$A$131,$B28) -> 8
B29: EXIMBIZ ENTERPRISE | C29: =COUNTIFS('Employee Summary'!$A$7:$A$131,B29) -> 8 | D29: =SUMIFS('Employee Summary'!$C$7:$C$131,'Employee Summary'!$A$7:$A$131,$B29) -> 240 | E29: =SUMIFS('Employee Summary'!$D$7:$D$131,'Employee Summary'!$A$7:$A$131,$B29) -> 181 | F29: =SUMIFS('Employee Summary'!$E$7:$E$131,'Employee Summary'!$A$7:$A$131,$B29) -> 0 | G29: =SUMIFS('Employee Summary'!$F$7:$F$131,'Employee Summary'!$A$7:$A$131,$B29) -> 8 | H29: =SUMIFS('Employee Summary'!$G$7:$G$131,'Employee Summary'!$A$7:$A$131,$B29) -> 8 | I29: =SUMIFS('Employee Summary'!$H$7:$H$131,'Employee Summary'!$A$7:$A$131,$B29) -> 12 | J29: =SUMIFS('Employee Summary'!$I$7:$I$131,'Employee Summary'!$A$7:$A$131,$B29) -> 0 | K29: =SUMIFS('Employee Summary'!$J$7:$J$131,'Employee Summary'!$A$7:$A$131,$B29) -> 39 | L29: =SUMIFS('Employee Summary'!$K$7:$K$131,'Employee Summary'!$A$7:$A$131,$B29) -> 8 | M29: =SUMIFS('Employee Summary'!$L$7:$L$131,'Employee Summary'!$A$7:$A$131,$B29) -> 124 | N29: =SUMIFS('Employee Summary'!$M$7:$M$131,'Employee Summary'!$A$7:$A$131,$B29) -> 12 | O29: =SUMIFS('Employee Summary'!$N$7:$N$131,'Employee Summary'!$A$7:$A$131,$B29) -> 112
B30: NOVUSHA CONSULTING SERVICES INDIA LLP | C30: =COUNTIFS('Employee Summary'!$A$7:$A$131,B30) -> 13 | D30: =SUMIFS('Employee Summary'!$C$7:$C$131,'Employee Summary'!$A$7:$A$131,$B30) -> 328 | E30: =SUMIFS('Employee Summary'!$D$7:$D$131,'Employee Summary'!$A$7:$A$131,$B30) -> 232 | F30: =SUMIFS('Employee Summary'!$E$7:$E$131,'Employee Summary'!$A$7:$A$131,$B30) -> 52 | G30: =SUMIFS('Employee Summary'!$F$7:$F$131,'Employee Summary'!$A$7:$A$131,$B30) -> 4 | H30: =SUMIFS('Employee Summary'!$G$7:$G$131,'Employee Summary'!$A$7:$A$131,$B30) -> 21 | I30: =SUMIFS('Employee Summary'!$H$7:$H$131,'Employee Summary'!$A$7:$A$131,$B30) -> 23 | J30: =SUMIFS('Employee Summary'!$I$7:$I$131,'Employee Summary'!$A$7:$A$131,$B30) -> 10 | K30: =SUMIFS('Employee Summary'!$J$7:$J$131,'Employee Summary'!$A$7:$A$131,$B30) -> 62 | L30: =SUMIFS('Employee Summary'!$K$7:$K$131,'Employee Summary'!$A$7:$A$131,$B30) -> 11 | M30: =SUMIFS('Employee Summary'!$L$7:$L$131,'Employee Summary'!$A$7:$A$131,$B30) -> 137 | N30: =SUMIFS('Employee Summary'!$M$7:$M$131,'Employee Summary'!$A$7:$A$131,$B30) -> 23 | O30: =SUMIFS('Employee Summary'!$N$7:$N$131,'Employee Summary'!$A$7:$A$131,$B30) -> 114
B31: PARAMOUNT PROPACK PRIVATE LIMITED | C31: =COUNTIFS('Employee Summary'!$A$7:$A$131,B31) -> 2 | D31: =SUMIFS('Employee Summary'!$C$7:$C$131,'Employee Summary'!$A$7:$A$131,$B31) -> 30 | E31: =SUMIFS('Employee Summary'!$D$7:$D$131,'Employee Summary'!$A$7:$A$131,$B31) -> 23 | F31: =SUMIFS('Employee Summary'!$E$7:$E$131,'Employee Summary'!$A$7:$A$131,$B31) -> 24 | G31: =SUMIFS('Employee Summary'!$F$7:$F$131,'Employee Summary'!$A$7:$A$131,$B31) -> 0 | H31: =SUMIFS('Employee Summary'!$G$7:$G$131,'Employee Summary'!$A$7:$A$131,$B31) -> 1 | I31: =SUMIFS('Employee Summary'!$H$7:$H$131,'Employee Summary'!$A$7:$A$131,$B31) -> 1 | J31: =SUMIFS('Employee Summary'!$I$7:$I$131,'Employee Summary'!$A$7:$A$131,$B31) -> 6 | K31: =SUMIFS('Employee Summary'!$J$7:$J$131,'Employee Summary'!$A$7:$A$131,$B31) -> 5 | L31: =SUMIFS('Employee Summary'!$K$7:$K$131,'Employee Summary'!$A$7:$A$131,$B31) -> 1 | M31: =SUMIFS('Employee Summary'!$L$7:$L$131,'Employee Summary'!$A$7:$A$131,$B31) -> 36.5 | N31: =SUMIFS('Employee Summary'!$M$7:$M$131,'Employee Summary'!$A$7:$A$131,$B31) -> 1 | O31: =SUMIFS('Employee Summary'!$N$7:$N$131,'Employee Summary'!$A$7:$A$131,$B31) -> 35.5
B32: SANSAR TRADELINK | C32: =COUNTIFS('Employee Summary'!$A$7:$A$131,B32) -> 11 | D32: =SUMIFS('Employee Summary'!$C$7:$C$131,'Employee Summary'!$A$7:$A$131,$B32) -> 327.5 | E32: =SUMIFS('Employee Summary'!$D$7:$D$131,'Employee Summary'!$A$7:$A$131,$B32) -> 242.5 | F32: =SUMIFS('Employee Summary'!$E$7:$E$131,'Employee Summary'!$A$7:$A$131,$B32) -> 0.5 | G32: =SUMIFS('Employee Summary'!$F$7:$F$131,'Employee Summary'!$A$7:$A$131,$B32) -> 2 | H32: =SUMIFS('Employee Summary'!$G$7:$G$131,'Employee Summary'!$A$7:$A$131,$B32) -> 23 | I32: =SUMIFS('Employee Summary'!$H$7:$H$131,'Employee Summary'!$A$7:$A$131,$B32) -> 24 | J32: =SUMIFS('Employee Summary'!$I$7:$I$131,'Employee Summary'!$A$7:$A$131,$B32) -> 2 | K32: =SUMIFS('Employee Summary'!$J$7:$J$131,'Employee Summary'!$A$7:$A$131,$B32) -> 53 | L32: =SUMIFS('Employee Summary'!$K$7:$K$131,'Employee Summary'!$A$7:$A$131,$B32) -> 8 | M32: =SUMIFS('Employee Summary'!$L$7:$L$131,'Employee Summary'!$A$7:$A$131,$B32) -> 198.5 | N32: =SUMIFS('Employee Summary'!$M$7:$M$131,'Employee Summary'!$A$7:$A$131,$B32) -> 24 | O32: =SUMIFS('Employee Summary'!$N$7:$N$131,'Employee Summary'!$A$7:$A$131,$B32) -> 174.5
B33: SR CONTAINER CARRIERS | C33: =COUNTIFS('Employee Summary'!$A$7:$A$131,B33) -> 19 | D33: =SUMIFS('Employee Summary'!$C$7:$C$131,'Employee Summary'!$A$7:$A$131,$B33) -> 515.5 | E33: =SUMIFS('Employee Summary'!$D$7:$D$131,'Employee Summary'!$A$7:$A$131,$B33) -> 400 | F33: =SUMIFS('Employee Summary'!$E$7:$E$131,'Employee Summary'!$A$7:$A$131,$B33) -> 31.5 | G33: =SUMIFS('Employee Summary'!$F$7:$F$131,'Employee Summary'!$A$7:$A$131,$B33) -> 1 | H33: =SUMIFS('Employee Summary'!$G$7:$G$131,'Employee Summary'!$A$7:$A$131,$B33) -> 22 | I33: =SUMIFS('Employee Summary'!$H$7:$H$131,'Employee Summary'!$A$7:$A$131,$B33) -> 22.5 | J33: =SUMIFS('Employee Summary'!$I$7:$I$131,'Employee Summary'!$A$7:$A$131,$B33) -> 13 | K33: =SUMIFS('Employee Summary'!$J$7:$J$131,'Employee Summary'!$A$7:$A$131,$B33) -> 79 | L33: =SUMIFS('Employee Summary'!$K$7:$K$131,'Employee Summary'!$A$7:$A$131,$B33) -> 14 | M33: =SUMIFS('Employee Summary'!$L$7:$L$131,'Employee Summary'!$A$7:$A$131,$B33) -> 403 | N33: =SUMIFS('Employee Summary'!$M$7:$M$131,'Employee Summary'!$A$7:$A$131,$B33) -> 22.5 | O33: =SUMIFS('Employee Summary'!$N$7:$N$131,'Employee Summary'!$A$7:$A$131,$B33) -> 380.5
B34: SURAJ FORWARDERS | C34: =COUNTIFS('Employee Summary'!$A$7:$A$131,B34) -> 7 | D34: =SUMIFS('Employee Summary'!$C$7:$C$131,'Employee Summary'!$A$7:$A$131,$B34) -> 205 | E34: =SUMIFS('Employee Summary'!$D$7:$D$131,'Employee Summary'!$A$7:$A$131,$B34) -> 161.5 | F34: =SUMIFS('Employee Summary'!$E$7:$E$131,'Employee Summary'!$A$7:$A$131,$B34) -> 0 | G34: =SUMIFS('Employee Summary'!$F$7:$F$131,'Employee Summary'!$A$7:$A$131,$B34) -> 3 | H34: =SUMIFS('Employee Summary'!$G$7:$G$131,'Employee Summary'!$A$7:$A$131,$B34) -> 1 | I34: =SUMIFS('Employee Summary'!$H$7:$H$131,'Employee Summary'!$A$7:$A$131,$B34) -> 2.5 | J34: =SUMIFS('Employee Summary'!$I$7:$I$131,'Employee Summary'!$A$7:$A$131,$B34) -> 5 | K34: =SUMIFS('Employee Summary'!$J$7:$J$131,'Employee Summary'!$A$7:$A$131,$B34) -> 34 | L34: =SUMIFS('Employee Summary'!$K$7:$K$131,'Employee Summary'!$A$7:$A$131,$B34) -> 7 | M34: =SUMIFS('Employee Summary'!$L$7:$L$131,'Employee Summary'!$A$7:$A$131,$B34) -> 109 | N34: =SUMIFS('Employee Summary'!$M$7:$M$131,'Employee Summary'!$A$7:$A$131,$B34) -> 2.5 | O34: =SUMIFS('Employee Summary'!$N$7:$N$131,'Employee Summary'!$A$7:$A$131,$B34) -> 106.5
B35: SURAJ FORWARDERS & SHIPPING AGENCIES | C35: =COUNTIFS('Employee Summary'!$A$7:$A$131,B35) -> 29 | D35: =SUMIFS('Employee Summary'!$C$7:$C$131,'Employee Summary'!$A$7:$A$131,$B35) -> 838.5 | E35: =SUMIFS('Employee Summary'!$D$7:$D$131,'Employee Summary'!$A$7:$A$131,$B35) -> 632.5 | F35: =SUMIFS('Employee Summary'!$E$7:$E$131,'Employee Summary'!$A$7:$A$131,$B35) -> 24.5 | G35: =SUMIFS('Employee Summary'!$F$7:$F$131,'Employee Summary'!$A$7:$A$131,$B35) -> 6 | H35: =SUMIFS('Employee Summary'!$G$7:$G$131,'Employee Summary'!$A$7:$A$131,$B35) -> 44 | I35: =SUMIFS('Employee Summary'!$H$7:$H$131,'Employee Summary'!$A$7:$A$131,$B35) -> 47 | J35: =SUMIFS('Employee Summary'!$I$7:$I$131,'Employee Summary'!$A$7:$A$131,$B35) -> 7 | K35: =SUMIFS('Employee Summary'!$J$7:$J$131,'Employee Summary'!$A$7:$A$131,$B35) -> 131 | L35: =SUMIFS('Employee Summary'!$K$7:$K$131,'Employee Summary'!$A$7:$A$131,$B35) -> 28 | M35: =SUMIFS('Employee Summary'!$L$7:$L$131,'Employee Summary'!$A$7:$A$131,$B35) -> 1250 | N35: =SUMIFS('Employee Summary'!$M$7:$M$131,'Employee Summary'!$A$7:$A$131,$B35) -> 47 | O35: =SUMIFS('Employee Summary'!$N$7:$N$131,'Employee Summary'!$A$7:$A$131,$B35) -> 1203
B36: SURAJ FORWARDERS PRIVATE LIMITED | C36: =COUNTIFS('Employee Summary'!$A$7:$A$131,B36) -> 28 | D36: =SUMIFS('Employee Summary'!$C$7:$C$131,'Employee Summary'!$A$7:$A$131,$B36) -> 774.5 | E36: =SUMIFS('Employee Summary'!$D$7:$D$131,'Employee Summary'!$A$7:$A$131,$B36) -> 583 | F36: =SUMIFS('Employee Summary'!$E$7:$E$131,'Employee Summary'!$A$7:$A$131,$B36) -> 50 | G36: =SUMIFS('Employee Summary'!$F$7:$F$131,'Employee Summary'!$A$7:$A$131,$B36) -> 3 | H36: =SUMIFS('Employee Summary'!$G$7:$G$131,'Employee Summary'!$A$7:$A$131,$B36) -> 43 | I36: =SUMIFS('Employee Summary'!$H$7:$H$131,'Employee Summary'!$A$7:$A$131,$B36) -> 44.5 | J36: =SUMIFS('Employee Summary'!$I$7:$I$131,'Employee Summary'!$A$7:$A$131,$B36) -> 14.5 | K36: =SUMIFS('Employee Summary'!$J$7:$J$131,'Employee Summary'!$A$7:$A$131,$B36) -> 123 | L36: =SUMIFS('Employee Summary'!$K$7:$K$131,'Employee Summary'!$A$7:$A$131,$B36) -> 24 | M36: =SUMIFS('Employee Summary'!$L$7:$L$131,'Employee Summary'!$A$7:$A$131,$B36) -> 825 | N36: =SUMIFS('Employee Summary'!$M$7:$M$131,'Employee Summary'!$A$7:$A$131,$B36) -> 44.5 | O36: =SUMIFS('Employee Summary'!$N$7:$N$131,'Employee Summary'!$A$7:$A$131,$B36) -> 780.5
B37: UNASSIGNED | C37: =COUNTIFS('Employee Summary'!$A$7:$A$131,B37) -> 6 | D37: =SUMIFS('Employee Summary'!$C$7:$C$131,'Employee Summary'!$A$7:$A$131,$B37) -> 0 | E37: =SUMIFS('Employee Summary'!$D$7:$D$131,'Employee Summary'!$A$7:$A$131,$B37) -> 0 | F37: =SUMIFS('Employee Summary'!$E$7:$E$131,'Employee Summary'!$A$7:$A$131,$B37) -> 150 | G37: =SUMIFS('Employee Summary'!$F$7:$F$131,'Employee Summary'!$A$7:$A$131,$B37) -> 0 | H37: =SUMIFS('Employee Summary'!$G$7:$G$131,'Employee Summary'!$A$7:$A$131,$B37) -> 0 | I37: =SUMIFS('Employee Summary'!$H$7:$H$131,'Employee Summary'!$A$7:$A$131,$B37) -> 0 | J37: =SUMIFS('Employee Summary'!$I$7:$I$131,'Employee Summary'!$A$7:$A$131,$B37) -> 30 | K37: =SUMIFS('Employee Summary'!$J$7:$J$131,'Employee Summary'!$A$7:$A$131,$B37) -> 0 | L37: =SUMIFS('Employee Summary'!$K$7:$K$131,'Employee Summary'!$A$7:$A$131,$B37) -> 0 | M37: =SUMIFS('Employee Summary'!$L$7:$L$131,'Employee Summary'!$A$7:$A$131,$B37) -> 72 | N37: =SUMIFS('Employee Summary'!$M$7:$M$131,'Employee Summary'!$A$7:$A$131,$B37) -> 0 | O37: =SUMIFS('Employee Summary'!$N$7:$N$131,'Employee Summary'!$A$7:$A$131,$B37) -> 72
B38: Total | C38: =SUM(C28:C37) -> 125 | D38: =SUM(D28:D37) -> 3289 | E38: =SUM(E28:E37) -> 2476.5 | F38: =SUM(F28:F37) -> 358.5 | G38: =SUM(G28:G37) -> 27 | H38: =SUM(H28:H37) -> 165 | I38: =SUM(I28:I37) -> 178.5 | J38: =SUM(J28:J37) -> 91.5 | ... O38: =SUM(O28:O37) -> 2986.5
B40: Total Working Days follows the source label and includes paid leave, weekly offs and holidays. Half Day PL counts occurrences; PL quantities use days.
B41: Attendance PL taken and ledger PL taken remain separate. The Employee Summary retains each supplied average-hours value.
B42: The source has two incomplete employee calendar totals. Rounded daily hours also differ from supplied footers by nine minutes; the original figures are retained.
B44: Chart data
B45: Company label | C45: Employees | D45: PL days | E45: LWP days | G45: =B45 -> Company label | H45: =D45 -> PL days | I45: =E45 -> LWP days
B46: Suraj Ship | C46: =C35 -> 29 | D46: =I35 -> 47 | E46: =J35 -> 7 | G46: =B46 -> Suraj Ship | H46: =D46 -> 47 | I46: =E46 -> 7
B47: Suraj Pvt | C47: =C36 -> 28 | D47: =I36 -> 44.5 | E47: =J36 -> 14.5 | G47: =B47 -> Suraj Pvt | H47: =D47 -> 44.5 | I47: =E47 -> 14.5
B48: SRCC | C48: =C33 -> 19 | D48: =I33 -> 22.5 | E48: =J33 -> 13 | G48: =B48 -> SRCC | H48: =D48 -> 22.5 | I48: =E48 -> 13
B49: Novusha | C49: =C30 -> 13 | D49: =I30 -> 23 | E49: =J30 -> 10 | G49: =B49 -> Novusha | H49: =D49 -> 23 | I49: =E49 -> 10
B50: Sansar | C50: =C32 -> 11 | D50: =I32 -> 24 | E50: =J32 -> 2 | G50: =B50 -> Sansar | H50: =D50 -> 24 | I50: =E50 -> 2
B51: Eximbiz | C51: =C29 -> 8 | D51: =I29 -> 12 | E51: =J29 -> 0 | G51: =B51 -> Eximbiz | H51: =D51 -> 12 | I51: =E51 -> 0
B52: Suraj | C52: =C34 -> 7 | D52: =I34 -> 2.5 | E52: =J34 -> 5 | G52: =B52 -> Suraj | H52: =D52 -> 2.5 | I52: =E52 -> 5
B53: Unassigned | C53: =C37 -> 6 | D53: =I37 -> 0 | E53: =J37 -> 30 | G53: =B53 -> Unassigned | H53: =D53 -> 0 | I53: =E53 -> 30
B54: Alluvium | C54: =C28 -> 2 | D54: =I28 -> 2 | E54: =J28 -> 4 | G54: =B54 -> Alluvium | H54: =D54 -> 2 | I54: =E54 -> 4
B55: Paramount | C55: =C31 -> 2 | D55: =I31 -> 1 | E55: =J31 -> 6 | G55: =B55 -> Paramount | H55: =D55 -> 1 | I55: =E55 -> 6

Sheet Employee Summary
A2: Attendance & leave — employee summary
A3: 01–30 September 2026 · 125 employees · all companies
A4: Source: AttendanceReport_2026-09-01_to_2026-09-30.xlsx. Original company registers follow these summary tabs.
A6: Company | B6: Employee | C6: Total Working Days | D6: Present | E6: Absent | F6: Half Day PL | G6: Full Day PL | H6: Total PL Taken | I6: LWP Taken | J6: Week Off | K6: Holiday | L6: September Opening Balance | M6: PL Taken (Ledger) | N6: Available Balance | O6: Avg Hours/Day
A7: ="ALLUVIUM IOT SOLUTIONS PRIVATE LIMITED" -> ALLUVIUM IOT SOLUTIONS PRIVATE LIMITED | B7: ='Alluvium IoT Solutions Private '!A5 -> ARPIT SINGHAL | C7: ='Alluvium IoT Solutions Private '!B5 -> 0 | D7: ='Alluvium IoT Solutions Private '!C5 -> 0 | E7: ='Alluvium IoT Solutions Private '!D5 -> 26 | F7: ='Alluvium IoT Solutions Private '!E5 -> 0 | G7: ='Alluvium IoT Solutions Private '!F5 -> 0 | H7: ='Alluvium IoT Solutions Private '!G5 -> 0 | I7: ='Alluvium IoT Solutions Private '!H5 -> 4 | ... K7: ='Alluvium IoT Solutions Private '!J5 -> 0 | L7: ='Alluvium IoT Solutions Private '!M5 -> 0 | M7: ='Alluvium IoT Solutions Private '!N5 -> 0 | N7: ='Alluvium IoT Solutions Private '!O5 -> 0 | O7: ='Alluvium IoT Solutions Private '!P5 -> 0h 0m
A8: ="ALLUVIUM IOT SOLUTIONS PRIVATE LIMITED" -> ALLUVIUM IOT SOLUTIONS PRIVATE LIMITED | B8: ='Alluvium IoT Solutions Private '!A6 -> MASOOD RAZA | C8: ='Alluvium IoT Solutions Private '!B6 -> 30 | D8: ='Alluvium IoT Solutions Private '!C6 -> 21 | E8: ='Alluvium IoT Solutions Private '!D6 -> 0 | F8: ='Alluvium IoT Solutions Private '!E6 -> 0 | G8: ='Alluvium IoT Solutions Private '!F6 -> 2 | H8: ='Alluvium IoT Solutions Private '!G6 -> 2 | I8: ='Alluvium IoT Solutions Private '!H6 -> 0 | ... K8: ='Alluvium IoT Solutions Private '!J6 -> 1 | L8: ='Alluvium IoT Solutions Private '!M6 -> 10 | M8: ='Alluvium IoT Solutions Private '!N6 -> 2 | N8: ='Alluvium IoT Solutions Private '!O6 -> 8 | O8: ='Alluvium IoT Solutions Private '!P6 -> 9h 48m
A9: ="EXIMBIZ ENTERPRISE" -> EXIMBIZ ENTERPRISE | B9: ='Eximbiz Enterprise'!A5 -> AHMED ADENWALA | C9: ='Eximbiz Enterprise'!B5 -> 30 | D9: ='Eximbiz Enterprise'!C5 -> 23.5 | E9: ='Eximbiz Enterprise'!D5 -> 0 | F9: ='Eximbiz Enterprise'!E5 -> 1 | G9: ='Eximbiz Enterprise'!F5 -> 0 | H9: ='Eximbiz Enterprise'!G5 -> 0.5 | I9: ='Eximbiz Enterprise'!H5 -> 0 | ... K9: ='Eximbiz Enterprise'!J5 -> 1 | L9: ='Eximbiz Enterprise'!M5 -> 35.5 | M9: ='Eximbiz Enterprise'!N5 -> 0.5 | N9: ='Eximbiz Enterprise'!O5 -> 35 | O9: ='Eximbiz Enterprise'!P5 -> 9h 12m
A10: ="EXIMBIZ ENTERPRISE" -> EXIMBIZ ENTERPRISE | B10: ='Eximbiz Enterprise'!A6 -> ALPESH PARMAR | C10: ='Eximbiz Enterprise'!B6 -> 30 | D10: ='Eximbiz Enterprise'!C6 -> 20 | E10: ='Eximbiz Enterprise'!D6 -> 0 | F10: ='Eximbiz Enterprise'!E6 -> 2 | G10: ='Eximbiz Enterprise'!F6 -> 3 | H10: ='Eximbiz Enterprise'!G6 -> 4 | I10: ='Eximbiz Enterprise'!H6 -> 0 | ... K10: ='Eximbiz Enterprise'!J6 -> 1 | L10: ='Eximbiz Enterprise'!M6 -> 24.5 | M10: ='Eximbiz Enterprise'!N6 -> 4 | N10: ='Eximbiz Enterprise'!O6 -> 20.5 | O10: ='Eximbiz Enterprise'!P6 -> 9h 0m
A11: ="EXIMBIZ ENTERPRISE" -> EXIMBIZ ENTERPRISE | B11: ='Eximbiz Enterprise'!A7 -> AMBILY | C11: ='Eximbiz Enterprise'!B7 -> 30 | D11: ='Eximbiz Enterprise'!C7 -> 24 | E11: ='Eximbiz Enterprise'!D7 -> 0 | F11: ='Eximbiz Enterprise'!E7 -> 0 | G11: ='Eximbiz Enterprise'!F7 -> 0 | H11: ='Eximbiz Enterprise'!G7 -> 0 | I11: ='Eximbiz Enterprise'!H7 -> 0 | ... K11: ='Eximbiz Enterprise'!J7 -> 1 | L11: ='Eximbiz Enterprise'!M7 -> 0 | M11: ='Eximbiz Enterprise'!N7 -> 0 | N11: ='Eximbiz Enterprise'!O7 -> 0 | O11: ='Eximbiz Enterprise'!P7 -> 9h 0m
A12: ="EXIMBIZ ENTERPRISE" -> EXIMBIZ ENTERPRISE | B12: ='Eximbiz Enterprise'!A8 -> DIPAK VAGHELA | C12: ='Eximbiz Enterprise'!B8 -> 30 | D12: ='Eximbiz Enterprise'!C8 -> 20.5 | E12: ='Eximbiz Enterprise'!D8 -> 0 | F12: ='Eximbiz Enterprise'!E8 -> 5 | G12: ='Eximbiz Enterprise'!F8 -> 2 | H12: ='Eximbiz Enterprise'!G8 -> 4.5 | I12: ='Eximbiz Enterprise'!H8 -> 0 | ... K12: ='Eximbiz Enterprise'!J8 -> 1 | L12: ='Eximbiz Enterprise'!M8 -> 16 | M12: ='Eximbiz Enterprise'!N8 -> 4.5 | N12: ='Eximbiz Enterprise'!O8 -> 11.5 | O12: ='Eximbiz Enterprise'!P8 -> 9h 30m
A13: ="EXIMBIZ ENTERPRISE" -> EXIMBIZ ENTERPRISE | B13: ='Eximbiz Enterprise'!A9 -> HIRANRAJ R | C13: ='Eximbiz Enterprise'!B9 -> 30 | D13: ='Eximbiz Enterprise'!C9 -> 24 | E13: ='Eximbiz Enterprise'!D9 -> 0 | F13: ='Eximbiz Enterprise'!E9 -> 0 | G13: ='Eximbiz Enterprise'!F9 -> 0 | H13: ='Eximbiz Enterprise'!G9 -> 0 | I13: ='Eximbiz Enterprise'!H9 -> 0 | ... K13: ='Eximbiz Enterprise'!J9 -> 1 | L13: ='Eximbiz Enterprise'!M9 -> 0 | M13: ='Eximbiz Enterprise'!N9 -> 0 | N13: ='Eximbiz Enterprise'!O9 -> 0 | O13: ='Eximbiz Enterprise'!P9 -> 9h 6m
A14: ="EXIMBIZ ENTERPRISE" -> EXIMBIZ ENTERPRISE | B14: ='Eximbiz Enterprise'!A10 -> KARAN MISHRA | C14: ='Eximbiz Enterprise'!B10 -> 30 | D14: ='Eximbiz Enterprise'!C10 -> 22 | E14: ='Eximbiz Enterprise'!D10 -> 0 | F14: ='Eximbiz Enterprise'!E10 -> 0 | G14: ='Eximbiz Enterprise'!F10 -> 2 | H14: ='Eximbiz Enterprise'!G10 -> 2 | I14: ='Eximbiz Enterprise'!H10 -> 0 | ... K14: ='Eximbiz Enterprise'!J10 -> 1 | L14: ='Eximbiz Enterprise'!M10 -> 17 | M14: ='Eximbiz Enterprise'!N10 -> 2 | N14: ='Eximbiz Enterprise'!O10 -> 15 | O14: ='Eximbiz Enterprise'!P10 -> 9h 6m
A15: ="EXIMBIZ ENTERPRISE" -> EXIMBIZ ENTERPRISE | B15: ='Eximbiz Enterprise'!A11 -> RAHUL SOLANKI | C15: ='Eximbiz Enterprise'!B11 -> 30 | D15: ='Eximbiz Enterprise'!C11 -> 23 | E15: ='Eximbiz Enterprise'!D11 -> 0 | F15: ='Eximbiz Enterprise'!E11 -> 0 | G15: ='Eximbiz Enterprise'!F11 -> 1 | H15: ='Eximbiz Enterprise'!G11 -> 1 | I15: ='Eximbiz Enterprise'!H11 -> 0 | ... K15: ='Eximbiz Enterprise'!J11 -> 1 | L15: ='Eximbiz Enterprise'!M11 -> 31 | M15: ='Eximbiz Enterprise'!N11 -> 1 | N15: ='Eximbiz Enterprise'!O11 -> 30 | O15: ='Eximbiz Enterprise'!P11 -> 9h 6m
A16: ="EXIMBIZ ENTERPRISE" -> EXIMBIZ ENTERPRISE | B16: ='Eximbiz Enterprise'!A12 -> RENUKA SONAVANE | C16: ='Eximbiz Enterprise'!B12 -> 30 | D16: ='Eximbiz Enterprise'!C12 -> 24 | E16: ='Eximbiz Enterprise'!D12 -> 0 | F16: ='Eximbiz Enterprise'!E12 -> 0 | G16: ='Eximbiz Enterprise'!F12 -> 0 | H16: ='Eximbiz Enterprise'!G12 -> 0 | I16: ='Eximbiz Enterprise'!H12 -> 0 | ... K16: ='Eximbiz Enterprise'!J12 -> 1 | L16: ='Eximbiz Enterprise'!M12 -> 0 | M16: ='Eximbiz Enterprise'!N12 -> 0 | N16: ='Eximbiz Enterprise'!O12 -> 0 | O16: ='Eximbiz Enterprise'!P12 -> 9h 24m
A17: ="NOVUSHA CONSULTING SERVICES INDIA LLP" -> NOVUSHA CONSULTING SERVICES INDIA LLP | B17: ='Novusha Consulting Services Ind'!A5 -> ANUBHAV SINGH | C17: ='Novusha Consulting Services Ind'!B5 -> 29 | D17: ='Novusha Consulting Services Ind'!C5 -> 22 | E17: ='Novusha Consulting Services Ind'!D5 -> 0 | F17: ='Novusha Consulting Services Ind'!E5 -> 0 | G17: ='Novusha Consulting Services Ind'!F5 -> 0 | H17: ='Novusha Consulting Services Ind'!G5 -> 0 | I17: ='Novusha Consulting Services Ind'!H5 -> 1 | ... K17: ='Novusha Consulting Services Ind'!J5 -> 1 | L17: ='Novusha Consulting Services Ind'!M5 -> 17 | M17: ='Novusha Consulting Services Ind'!N5 -> 0 | N17: ='Novusha Consulting Services Ind'!O5 -> 17 | O17: ='Novusha Consulting Services Ind'!P5 -> 9h 6m
A18: ="NOVUSHA CONSULTING SERVICES INDIA LLP" -> NOVUSHA CONSULTING SERVICES INDIA LLP | B18: ='Novusha Consulting Services Ind'!A6 -> ATUL NAGOSE | C18: ='Novusha Consulting Services Ind'!B6 -> 30 | D18: ='Novusha Consulting Services Ind'!C6 -> 22 | E18: ='Novusha Consulting Services Ind'!D6 -> 0 | F18: ='Novusha Consulting Services Ind'!E6 -> 0 | G18: ='Novusha Consulting Services Ind'!F6 -> 1 | H18: ='Novusha Consulting Services Ind'!G6 -> 1 | I18: ='Novusha Consulting Services Ind'!H6 -> 0 | ... K18: ='Novusha Consulting Services Ind'!J6 -> 1 | L18: ='Novusha Consulting Services Ind'!M6 -> 20.5 | M18: ='Novusha Consulting Services Ind'!N6 -> 1 | N18: ='Novusha Consulting Services Ind'!O6 -> 19.5 | O18: ='Novusha Consulting Services Ind'!P6 -> 9h 0m
A19: ="NOVUSHA CONSULTING SERVICES INDIA LLP" -> NOVUSHA CONSULTING SERVICES INDIA LLP | B19: ='Novusha Consulting Services Ind'!A7 -> JAGDISH PUROHIT | C19: ='Novusha Consulting Services Ind'!B7 -> 30 | D19: ='Novusha Consulting Services Ind'!C7 -> 12 | E19: ='Novusha Consulting Services Ind'!D7 -> 0 | F19: ='Novusha Consulting Services Ind'!E7 -> 0 | G19: ='Novusha Consulting Services Ind'!F7 -> 14 | H19: ='Novusha Consulting Services Ind'!G7 -> 14 | I19: ='Novusha Consulting Services Ind'!H7 -> 0 | ... K19: ='Novusha Consulting Services Ind'!J7 -> 1 | L19: ='Novusha Consulting Services Ind'!M7 -> 14 | M19: ='Novusha Consulting Services Ind'!N7 -> 14 | N19: ='Novusha Consulting Services Ind'!O7 -> 0 | O19: ='Novusha Consulting Services Ind'!P7 -> 8h 48m
A20: ="NOVUSHA CONSULTING SERVICES INDIA LLP" -> NOVUSHA CONSULTING SERVICES INDIA LLP | B20: ='Novusha Consulting Services Ind'!A8 -> KINJAL KHATRI | C20: ='Novusha Consulting Services Ind'!B8 -> 30 | D20: ='Novusha Consulting Services Ind'!C8 -> 22 | E20: ='Novusha Consulting Services Ind'!D8 -> 0 | F20: ='Novusha Consulting Services Ind'!E8 -> 0 | G20: ='Novusha Consulting Services Ind'!F8 -> 1 | H20: ='Novusha Consulting Services Ind'!G8 -> 1 | I20: ='Novusha Consulting Services Ind'!H8 -> 0 | ... K20: ='Novusha Consulting Services Ind'!J8 -> 1 | L20: ='Novusha Consulting Services Ind'!M8 -> 17.5 | M20: ='Novusha Consulting Services Ind'!N8 -> 1 | N20: ='Novusha Consulting Services Ind'!O8 -> 16.5 | O20: ='Novusha Consulting Services Ind'!P8 -> 9h 0m
A21: ="NOVUSHA CONSULTING SERVICES INDIA LLP" -> NOVUSHA CONSULTING SERVICES INDIA LLP | B21: ='Novusha Consulting Services Ind'!A9 -> KRUPALI BUSA | C21: ='Novusha Consulting Services Ind'!B9 -> 30 | D21: ='Novusha Consulting Services Ind'!C9 -> 22 | E21: ='Novusha Consulting Services Ind'!D9 -> 0 | F21: ='Novusha Consulting Services Ind'!E9 -> 0 | G21: ='Novusha Consulting Services Ind'!F9 -> 1 | H21: ='Novusha Consulting Services Ind'!G9 -> 1 | I21: ='Novusha Consulting Services Ind'!H9 -> 0 | ... K21: ='Novusha Consulting Services Ind'!J9 -> 1 | L21: ='Novusha Consulting Services Ind'!M9 -> 13 | M21: ='Novusha Consulting Services Ind'!N9 -> 1 | N21: ='Novusha Consulting Services Ind'!O9 -> 12 | O21: ='Novusha Consulting Services Ind'!P9 -> 9h 0m
A22: ="NOVUSHA CONSULTING SERVICES INDIA LLP" -> NOVUSHA CONSULTING SERVICES INDIA LLP | B22: ='Novusha Consulting Services Ind'!A10 -> NIRALI SHAH | C22: ='Novusha Consulting Services Ind'!B10 -> 0 | D22: ='Novusha Consulting Services Ind'!C10 -> 0 | E22: ='Novusha Consulting Services Ind'!D10 -> 26 | F22: ='Novusha Consulting Services Ind'!E10 -> 0 | G22: ='Novusha Consulting Services Ind'!F10 -> 0 | H22: ='Novusha Consulting Services Ind'!G10 -> 0 | I22: ='Novusha Consulting Services Ind'!H10 -> 4 | ... K22: ='Novusha Consulting Services Ind'!J10 -> 0 | L22: ='Novusha Consulting Services Ind'!M10 -> 0 | M22: ='Novusha Consulting Services Ind'!N10 -> 0 | N22: ='Novusha Consulting Services Ind'!O10 -> 0 | O22: ='Novusha Consulting Services Ind'!P10 -> 0h 0m
A23: ="NOVUSHA CONSULTING SERVICES INDIA LLP" -> NOVUSHA CONSULTING SERVICES INDIA LLP | B23: ='Novusha Consulting Services Ind'!A11 -> PRADEEP KUMAR SINGH | C23: ='Novusha Consulting Services Ind'!B11 -> 30 | D23: ='Novusha Consulting Services Ind'!C11 -> 23 | E23: ='Novusha Consulting Services Ind'!D11 -> 0 | F23: ='Novusha Consulting Services Ind'!E11 -> 0 | G23: ='Novusha Consulting Services Ind'!F11 -> 0 | H23: ='Novusha Consulting Services Ind'!G11 -> 0 | I23: ='Novusha Consulting Services Ind'!H11 -> 0 | ... K23: ='Novusha Consulting Services Ind'!J11 -> 1 | L23: ='Novusha Consulting Services Ind'!M11 -> 0 | M23: ='Novusha Consulting Services Ind'!N11 -> 0 | N23: ='Novusha Consulting Services Ind'!O11 -> 0 | O23: ='Novusha Consulting Services Ind'!P11 -> 9h 18m
A24: ="NOVUSHA CONSULTING SERVICES INDIA LLP" -> NOVUSHA CONSULTING SERVICES INDIA LLP | B24: ='Novusha Consulting Services Ind'!A12 -> PUNIT PANDEY | C24: ='Novusha Consulting Services Ind'!B12 -> 30 | D24: ='Novusha Consulting Services Ind'!C12 -> 23 | E24: ='Novusha Consulting Services Ind'!D12 -> 0 | F24: ='Novusha Consulting Services Ind'!E12 -> 0 | G24: ='Novusha Consulting Services Ind'!F12 -> 1 | H24: ='Novusha Consulting Services Ind'!G12 -> 1 | I24: ='Novusha Consulting Services Ind'!H12 -> 0 | ... K24: ='Novusha Consulting Services Ind'!J12 -> 1 | L24: ='Novusha Consulting Services Ind'!M12 -> 13 | M24: ='Novusha Consulting Services Ind'!N12 -> 1 | N24: ='Novusha Consulting Services Ind'!O12 -> 12 | O24: ='Novusha Consulting Services Ind'!P12 -> 9h 12m
A25: ="NOVUSHA CONSULTING SERVICES INDIA LLP" -> NOVUSHA CONSULTING SERVICES INDIA LLP | B25: ='Novusha Consulting Services Ind'!A13 -> RAUF DAYMA | C25: ='Novusha Consulting Services Ind'!B13 -> 30 | D25: ='Novusha Consulting Services Ind'!C13 -> 23 | E25: ='Novusha Consulting Services Ind'!D13 -> 0 | F25: ='Novusha Consulting Services Ind'!E13 -> 0 | G25: ='Novusha Consulting Services Ind'!F13 -> 0 | H25: ='Novusha Consulting Services Ind'!G13 -> 0 | I25: ='Novusha Consulting Services Ind'!H13 -> 0 | ... K25: ='Novusha Consulting Services Ind'!J13 -> 1 | L25: ='Novusha Consulting Services Ind'!M13 -> 23 | M25: ='Novusha Consulting Services Ind'!N13 -> 0 | N25: ='Novusha Consulting Services Ind'!O13 -> 23 | O25: ='Novusha Consulting Services Ind'!P13 -> 9h 12m
A26: ="NOVUSHA CONSULTING SERVICES INDIA LLP" -> NOVUSHA CONSULTING SERVICES INDIA LLP | B26: ='Novusha Consulting Services Ind'!A14 -> RIYA SAINI | C26: ='Novusha Consulting Services Ind'!B14 -> 0 | D26: ='Novusha Consulting Services Ind'!C14 -> 0 | E26: ='Novusha Consulting Services Ind'!D14 -> 26 | F26: ='Novusha Consulting Services Ind'!E14 -> 0 | G26: ='Novusha Consulting Services Ind'!F14 -> 0 | H26: ='Novusha Consulting Services Ind'!G14 -> 0 | I26: ='Novusha Consulting Services Ind'!H14 -> 4 | ... K26: ='Novusha Consulting Services Ind'!J14 -> 0 | L26: ='Novusha Consulting Services Ind'!M14 -> 0 | M26: ='Novusha Consulting Services Ind'!N14 -> 0 | N26: ='Novusha Consulting Services Ind'!O14 -> 0 | O26: ='Novusha Consulting Services Ind'!P14 -> 0h 0m
A27: ="NOVUSHA CONSULTING SERVICES INDIA LLP" -> NOVUSHA CONSULTING SERVICES INDIA LLP | B27: ='Novusha Consulting Services Ind'!A15 -> SAIF ANSARI | C27: ='Novusha Consulting Services Ind'!B15 -> 29 | D27: ='Novusha Consulting Services Ind'!C15 -> 22 | E27: ='Novusha Consulting Services Ind'!D15 -> 0 | F27: ='Novusha Consulting Services Ind'!E15 -> 0 | G27: ='Novusha Consulting Services Ind'!F15 -> 0 | H27: ='Novusha Consulting Services Ind'!G15 -> 0 | I27: ='Novusha Consulting Services Ind'!H15 -> 1 | ... K27: ='Novusha Consulting Services Ind'!J15 -> 1 | L27: ='Novusha Consulting Services Ind'!M15 -> 0 | M27: ='Novusha Consulting Services Ind'!N15 -> 0 | N27: ='Novusha Consulting Services Ind'!O15 -> 0 | O27: ='Novusha Consulting Services Ind'!P15 -> 8h 54m
A28: ="NOVUSHA CONSULTING SERVICES INDIA LLP" -> NOVUSHA CONSULTING SERVICES INDIA LLP | B28: ='Novusha Consulting Services Ind'!A16 -> SHIPRA TRIPATHI | C28: ='Novusha Consulting Services Ind'!B16 -> 30 | D28: ='Novusha Consulting Services Ind'!C16 -> 22 | E28: ='Novusha Consulting Services Ind'!D16 -> 0 | F28: ='Novusha Consulting Services Ind'!E16 -> 2 | G28: ='Novusha Consulting Services Ind'!F16 -> 0 | H28: ='Novusha Consulting Services Ind'!G16 -> 1 | I28: ='Novusha Consulting Services Ind'!H16 -> 0 | ... K28: ='Novusha Consulting Services Ind'!J16 -> 1 | L28: ='Novusha Consulting Services Ind'!M16 -> 8 | M28: ='Novusha Consulting Services Ind'!N16 -> 1 | N28: ='Novusha Consulting Services Ind'!O16 -> 7 | O28: ='Novusha Consulting Services Ind'!P16 -> 9h 6m
A29: ="NOVUSHA CONSULTING SERVICES INDIA LLP" -> NOVUSHA CONSULTING SERVICES INDIA LLP | B29: ='Novusha Consulting Services Ind'!A17 -> YASH GUPTA | C29: ='Novusha Consulting Services Ind'!B17 -> 30 | D29: ='Novusha Consulting Services Ind'!C17 -> 19 | E29: ='Novusha Consulting Services Ind'!D17 -> 0 | F29: ='Novusha Consulting Services Ind'!E17 -> 2 | G29: ='Novusha Consulting Services Ind'!F17 -> 3 | H29: ='Novusha Consulting Services Ind'!G17 -> 4 | I29: ='Novusha Consulting Services Ind'!H17 -> 0 | ... K29: ='Novusha Consulting Services Ind'!J17 -> 1 | L29: ='Novusha Consulting Services Ind'!M17 -> 11 | M29: ='Novusha Consulting Services Ind'!N17 -> 4 | N29: ='Novusha Consulting Services Ind'!O17 -> 7 | O29: ='Novusha Consulting Services Ind'!P17 -> 9h 12m
A30: ="PARAMOUNT PROPACK PRIVATE LIMITED" -> PARAMOUNT PROPACK PRIVATE LIMITED | B30: ='Paramount Propack Private Limit'!A5 -> KRISHNAPAL PUVAR | C30: ='Paramount Propack Private Limit'!B5 -> 0 | D30: ='Paramount Propack Private Limit'!C5 -> 0 | E30: ='Paramount Propack Private Limit'!D5 -> 24 | F30: ='Paramount Propack Private Limit'!E5 -> 0 | G30: ='Paramount Propack Private Limit'!F5 -> 0 | H30: ='Paramount Propack Private Limit'!G5 -> 0 | I30: ='Paramount Propack Private Limit'!H5 -> 6 | ... K30: ='Paramount Propack Private Limit'!J5 -> 0 | L30: ='Paramount Propack Private Limit'!M5 -> 18.5 | M30: ='Paramount Propack Private Limit'!N5 -> 0 | N30: ='Paramount Propack Private Limit'!O5 -> 18.5 | O30: ='Paramount Propack Private Limit'!P5 -> 0h 0m
A31: ="PARAMOUNT PROPACK PRIVATE LIMITED" -> PARAMOUNT PROPACK PRIVATE LIMITED | B31: ='Paramount Propack Private Limit'!A6 -> PRATIK SAKRECHA | C31: ='Paramount Propack Private Limit'!B6 -> 30 | D31: ='Paramount Propack Private Limit'!C6 -> 23 | E31: ='Paramount Propack Private Limit'!D6 -> 0 | F31: ='Paramount Propack Private Limit'!E6 -> 0 | G31: ='Paramount Propack Private Limit'!F6 -> 1 | H31: ='Paramount Propack Private Limit'!G6 -> 1 | I31: ='Paramount Propack Private Limit'!H6 -> 0 | ... K31: ='Paramount Propack Private Limit'!J6 -> 1 | L31: ='Paramount Propack Private Limit'!M6 -> 18 | M31: ='Paramount Propack Private Limit'!N6 -> 1 | N31: ='Paramount Propack Private Limit'!O6 -> 17 | O31: ='Paramount Propack Private Limit'!P6 -> 9h 12m
A32: ="SANSAR TRADELINK" -> SANSAR TRADELINK | B32: ='Sansar Tradelink'!A5 -> AKASH PARMAR | C32: ='Sansar Tradelink'!B5 -> 30 | D32: ='Sansar Tradelink'!C5 -> 22 | E32: ='Sansar Tradelink'!D5 -> 0 | F32: ='Sansar Tradelink'!E5 -> 0 | G32: ='Sansar Tradelink'!F5 -> 2 | H32: ='Sansar Tradelink'!G5 -> 2 | I32: ='Sansar Tradelink'!H5 -> 0 | ... K32: ='Sansar Tradelink'!J5 -> 1 | L32: ='Sansar Tradelink'!M5 -> 20.5 | M32: ='Sansar Tradelink'!N5 -> 2 | N32: ='Sansar Tradelink'!O5 -> 18.5 | O32: ='Sansar Tradelink'!P5 -> 9h 6m
A33: ="SANSAR TRADELINK" -> SANSAR TRADELINK | B33: ='Sansar Tradelink'!A6 -> BHOOMI MISTRY | C33: ='Sansar Tradelink'!B6 -> 30 | D33: ='Sansar Tradelink'!C6 -> 22.5 | E33: ='Sansar Tradelink'!D6 -> 0 | F33: ='Sansar Tradelink'!E6 -> 1 | G33: ='Sansar Tradelink'!F6 -> 1 | H33: ='Sansar Tradelink'!G6 -> 1.5 | I33: ='Sansar Tradelink'!H6 -> 0 | ... K33: ='Sansar Tradelink'!J6 -> 1 | L33: ='Sansar Tradelink'!M6 -> 21 | M33: ='Sansar Tradelink'!N6 -> 1.5 | N33: ='Sansar Tradelink'!O6 -> 19.5 | O33: ='Sansar Tradelink'!P6 -> 9h 6m
A34: ="SANSAR TRADELINK" -> SANSAR TRADELINK | B34: ='Sansar Tradelink'!A7 -> DEEPIKA MAKWANA | C34: ='Sansar Tradelink'!B7 -> 30 | D34: ='Sansar Tradelink'!C7 -> 19.5 | E34: ='Sansar Tradelink'!D7 -> 0 | F34: ='Sansar Tradelink'!E7 -> 1 | G34: ='Sansar Tradelink'!F7 -> 5 | H34: ='Sansar Tradelink'!G7 -> 5.5 | I34: ='Sansar Tradelink'!H7 -> 0 | ... K34: ='Sansar Tradelink'!J7 -> 0 | L34: ='Sansar Tradelink'!M7 -> 18.5 | M34: ='Sansar Tradelink'!N7 -> 5.5 | N34: ='Sansar Tradelink'!O7 -> 13 | O34: ='Sansar Tradelink'!P7 -> 8h 54m
A35: ="SANSAR TRADELINK" -> SANSAR TRADELINK | B35: ='Sansar Tradelink'!A8 -> DIXITA SEVRA | C35: ='Sansar Tradelink'!B8 -> 30 | D35: ='Sansar Tradelink'!C8 -> 20 | E35: ='Sansar Tradelink'!D8 -> 0 | F35: ='Sansar Tradelink'!E8 -> 0 | G35: ='Sansar Tradelink'!F8 -> 6 | H35: ='Sansar Tradelink'!G8 -> 6 | I35: ='Sansar Tradelink'!H8 -> 0 | ... K35: ='Sansar Tradelink'!J8 -> 0 | L35: ='Sansar Tradelink'!M8 -> 13.5 | M35: ='Sansar Tradelink'!N8 -> 6 | N35: ='Sansar Tradelink'!O8 -> 7.5 | O35: ='Sansar Tradelink'!P8 -> 9h 0m
A36: ="SANSAR TRADELINK" -> SANSAR TRADELINK | B36: ='Sansar Tradelink'!A9 -> HIMANSHU SINGH | C36: ='Sansar Tradelink'!B9 -> 29.5 | D36: ='Sansar Tradelink'!C9 -> 23.5 | E36: ='Sansar Tradelink'!D9 -> 0.5 | F36: ='Sansar Tradelink'!E9 -> 0 | G36: ='Sansar Tradelink'!F9 -> 0 | H36: ='Sansar Tradelink'!G9 -> 0 | I36: ='Sansar Tradelink'!H9 -> 0 | ... K36: ='Sansar Tradelink'!J9 -> 1 | L36: ='Sansar Tradelink'!M9 -> 24.5 | M36: ='Sansar Tradelink'!N9 -> 0 | N36: ='Sansar Tradelink'!O9 -> 24.5 | O36: ='Sansar Tradelink'!P9 -> 9h 24m
A37: ="SANSAR TRADELINK" -> SANSAR TRADELINK | B37: ='Sansar Tradelink'!A10 -> JAY KACHA | C37: ='Sansar Tradelink'!B10 -> 30 | D37: ='Sansar Tradelink'!C10 -> 23 | E37: ='Sansar Tradelink'!D10 -> 0 | F37: ='Sansar Tradelink'!E10 -> 0 | G37: ='Sansar Tradelink'!F10 -> 2 | H37: ='Sansar Tradelink'!G10 -> 2 | I37: ='Sansar Tradelink'!H10 -> 0 | ... K37: ='Sansar Tradelink'!J10 -> 0 | L37: ='Sansar Tradelink'!M10 -> 14.5 | M37: ='Sansar Tradelink'!N10 -> 2 | N37: ='Sansar Tradelink'!O10 -> 12.5 | O37: ='Sansar Tradelink'!P10 -> 9h 6m
A38: ="SANSAR TRADELINK" -> SANSAR TRADELINK | B38: ='Sansar Tradelink'!A11 -> JEEVAN DRAVID | C38: ='Sansar Tradelink'!B11 -> 30 | D38: ='Sansar Tradelink'!C11 -> 22 | E38: ='Sansar Tradelink'!D11 -> 0 | F38: ='Sansar Tradelink'!E11 -> 0 | G38: ='Sansar Tradelink'!F11 -> 2 | H38: ='Sansar Tradelink'!G11 -> 2 | I38: ='Sansar Tradelink'!H11 -> 0 | ... K38: ='Sansar Tradelink'!J11 -> 1 | L38: ='Sansar Tradelink'!M11 -> 16 | M38: ='Sansar Tradelink'!N11 -> 2 | N38: ='Sansar Tradelink'!O11 -> 14 | O38: ='Sansar Tradelink'!P11 -> 9h 18m
A39: ="SANSAR TRADELINK" -> SANSAR TRADELINK | B39: ='Sansar Tradelink'!A12 -> JIMMY MAKWANA | C39: ='Sansar Tradelink'!B12 -> 29 | D39: ='Sansar Tradelink'!C12 -> 23 | E39: ='Sansar Tradelink'!D12 -> 0 | F39: ='Sansar Tradelink'!E12 -> 0 | G39: ='Sansar Tradelink'!F12 -> 0 | H39: ='Sansar Tradelink'!G12 -> 0 | I39: ='Sansar Tradelink'!H12 -> 1 | ... K39: ='Sansar Tradelink'!J12 -> 1 | L39: ='Sansar Tradelink'!M12 -> 0 | M39: ='Sansar Tradelink'!N12 -> 0 | N39: ='Sansar Tradelink'!O12 -> 0 | O39: ='Sansar Tradelink'!P12 -> 9h 42m
A40: ="SANSAR TRADELINK" -> SANSAR TRADELINK | B40: ='Sansar Tradelink'!A13 -> MANOJ ADIDRAVID | C40: ='Sansar Tradelink'!B13 -> 29 | D40: ='Sansar Tradelink'!C13 -> 23 | E40: ='Sansar Tradelink'!D13 -> 0 | F40: ='Sansar Tradelink'!E13 -> 0 | G40: ='Sansar Tradelink'!F13 -> 0 | H40: ='Sansar Tradelink'!G13 -> 0 | I40: ='Sansar Tradelink'!H13 -> 1 | ... K40: ='Sansar Tradelink'!J13 -> 1 | L40: ='Sansar Tradelink'!M13 -> 10 | M40: ='Sansar Tradelink'!N13 -> 0 | N40: ='Sansar Tradelink'!O13 -> 10 | O40: ='Sansar Tradelink'!P13 -> 8h 48m
A41: ="SANSAR TRADELINK" -> SANSAR TRADELINK | B41: ='Sansar Tradelink'!A14 -> PARTH SOLANKI | C41: ='Sansar Tradelink'!B14 -> 30 | D41: ='Sansar Tradelink'!C14 -> 24 | E41: ='Sansar Tradelink'!D14 -> 0 | F41: ='Sansar Tradelink'!E14 -> 0 | G41: ='Sansar Tradelink'!F14 -> 1 | H41: ='Sansar Tradelink'!G14 -> 1 | I41: ='Sansar Tradelink'!H14 -> 0 | ... K41: ='Sansar Tradelink'!J14 -> 1 | L41: ='Sansar Tradelink'!M14 -> 40.5 | M41: ='Sansar Tradelink'!N14 -> 1 | N41: ='Sansar Tradelink'!O14 -> 39.5 | O41: ='Sansar Tradelink'!P14 -> 9h 12m
A42: ="SANSAR TRADELINK" -> SANSAR TRADELINK | B42: ='Sansar Tradelink'!A15 -> SRUTHI NAIR | C42: ='Sansar Tradelink'!B15 -> 30 | D42: ='Sansar Tradelink'!C15 -> 20 | E42: ='Sansar Tradelink'!D15 -> 0 | F42: ='Sansar Tradelink'!E15 -> 0 | G42: ='Sansar Tradelink'!F15 -> 4 | H42: ='Sansar Tradelink'!G15 -> 4 | I42: ='Sansar Tradelink'!H15 -> 0 | ... K42: ='Sansar Tradelink'!J15 -> 1 | L42: ='Sansar Tradelink'!M15 -> 19.5 | M42: ='Sansar Tradelink'!N15 -> 4 | N42: ='Sansar Tradelink'!O15 -> 15.5 | O42: ='Sansar Tradelink'!P15 -> 8h 54m
A43: ="SR CONTAINER CARRIERS" -> SR CONTAINER CARRIERS | B43: ='SR Container Carriers'!A5 -> ADARSH SINGH | C43: ='SR Container Carriers'!B5 -> 30 | D43: ='SR Container Carriers'!C5 -> 25 | E43: ='SR Container Carriers'!D5 -> 0 | F43: ='SR Container Carriers'!E5 -> 0 | G43: ='SR Container Carriers'!F5 -> 0 | H43: ='SR Container Carriers'!G5 -> 0 | I43: ='SR Container Carriers'!H5 -> 0 | ... K43: ='SR Container Carriers'!J5 -> 1 | L43: ='SR Container Carriers'!M5 -> 30 | M43: ='SR Container Carriers'!N5 -> 0 | N43: ='SR Container Carriers'!O5 -> 30 | O43: ='SR Container Carriers'!P5 -> 8h 36m
A44: ="SR CONTAINER CARRIERS" -> SR CONTAINER CARRIERS | B44: ='SR Container Carriers'!A6 -> AFTAB BELIM | C44: ='SR Container Carriers'!B6 -> 16 | D44: ='SR Container Carriers'!C6 -> 12 | E44: ='SR Container Carriers'!D6 -> 0 | F44: ='SR Container Carriers'!E6 -> 0 | G44: ='SR Container Carriers'!F6 -> 0 | H44: ='SR Container Carriers'!G6 -> 0 | I44: ='SR Container Carriers'!H6 -> 4 | ... K44: ='SR Container Carriers'!J6 -> 0 | L44: ='SR Container Carriers'!M6 -> 0 | M44: ='SR Container Carriers'!N6 -> 0 | N44: ='SR Container Carriers'!O6 -> 0 | O44: ='SR Container Carriers'!P6 -> 8h 54m
A45: ="SR CONTAINER CARRIERS" -> SR CONTAINER CARRIERS | B45: ='SR Container Carriers'!A7 -> AJAY SINGH | C45: ='SR Container Carriers'!B7 -> 30 | D45: ='SR Container Carriers'!C7 -> 26 | E45: ='SR Container Carriers'!D7 -> 0 | F45: ='SR Container Carriers'!E7 -> 0 | G45: ='SR Container Carriers'!F7 -> 0 | H45: ='SR Container Carriers'!G7 -> 0 | I45: ='SR Container Carriers'!H7 -> 0 | ... K45: ='SR Container Carriers'!J7 -> 1 | L45: ='SR Container Carriers'!M7 -> 24 | M45: ='SR Container Carriers'!N7 -> 0 | N45: ='SR Container Carriers'!O7 -> 24 | O45: ='SR Container Carriers'!P7 -> 9h 18m
A46: ="SR CONTAINER CARRIERS" -> SR CONTAINER CARRIERS | B46: ='SR Container Carriers'!A8 -> AVINASH PANDEY | C46: ='SR Container Carriers'!B8 -> 30 | D46: ='SR Container Carriers'!C8 -> 22 | E46: ='SR Container Carriers'!D8 -> 0 | F46: ='SR Container Carriers'!E8 -> 0 | G46: ='SR Container Carriers'!F8 -> 2 | H46: ='SR Container Carriers'!G8 -> 2 | I46: ='SR Container Carriers'!H8 -> 0 | ... K46: ='SR Container Carriers'!J8 -> 1 | L46: ='SR Container Carriers'!M8 -> 13 | M46: ='SR Container Carriers'!N8 -> 2 | N46: ='SR Container Carriers'!O8 -> 11 | O46: ='SR Container Carriers'!P8 -> 9h 54m
A47: ="SR CONTAINER CARRIERS" -> SR CONTAINER CARRIERS | B47: ='SR Container Carriers'!A9 -> AYAN CHAUHAN | C47: ='SR Container Carriers'!B9 -> 30 | D47: ='SR Container Carriers'!C9 -> 23 | E47: ='SR Container Carriers'!D9 -> 0 | F47: ='SR Container Carriers'!E9 -> 0 | G47: ='SR Container Carriers'!F9 -> 1 | H47: ='SR Container Carriers'!G9 -> 1 | I47: ='SR Container Carriers'!H9 -> 0 | ... K47: ='SR Container Carriers'!J9 -> 1 | L47: ='SR Container Carriers'!M9 -> 17.5 | M47: ='SR Container Carriers'!N9 -> 1 | N47: ='SR Container Carriers'!O9 -> 16.5 | O47: ='SR Container Carriers'!P9 -> 9h 6m
A48: ="SR CONTAINER CARRIERS" -> SR CONTAINER CARRIERS | B48: ='SR Container Carriers'!A10 -> DASAK SHAH | C48: ='SR Container Carriers'!B10 -> 29 | D48: ='SR Container Carriers'!C10 -> 23 | E48: ='SR Container Carriers'!D10 -> 0 | F48: ='SR Container Carriers'!E10 -> 0 | G48: ='SR Container Carriers'!F10 -> 0 | H48: ='SR Container Carriers'!G10 -> 0 | I48: ='SR Container Carriers'!H10 -> 1 | ... K48: ='SR Container Carriers'!J10 -> 1 | L48: ='SR Container Carriers'!M10 -> 16 | M48: ='SR Container Carriers'!N10 -> 0 | N48: ='SR Container Carriers'!O10 -> 16 | O48: ='SR Container Carriers'!P10 -> 8h 54m
A49: ="SR CONTAINER CARRIERS" -> SR CONTAINER CARRIERS | B49: ='SR Container Carriers'!A11 -> DEEPAK SINGH | C49: ='SR Container Carriers'!B11 -> 17 | D49: ='SR Container Carriers'!C11 -> 12 | E49: ='SR Container Carriers'!D11 -> 11 | F49: ='SR Container Carriers'!E11 -> 0 | G49: ='SR Container Carriers'!F11 -> 0 | H49: ='SR Container Carriers'!G11 -> 0 | I49: ='SR Container Carriers'!H11 -> 2 | ... K49: ='SR Container Carriers'!J11 -> 1 | L49: ='SR Container Carriers'!M11 -> 0 | M49: ='SR Container Carriers'!N11 -> 0 | N49: ='SR Container Carriers'!O11 -> 0 | O49: ='SR Container Carriers'!P11 -> 8h 42m
A50: ="SR CONTAINER CARRIERS" -> SR CONTAINER CARRIERS | B50: ='SR Container Carriers'!A12 -> JAYMIN PARMAR | C50: ='SR Container Carriers'!B12 -> 30 | D50: ='SR Container Carriers'!C12 -> 24 | E50: ='SR Container Carriers'!D12 -> 0 | F50: ='SR Container Carriers'!E12 -> 0 | G50: ='SR Container Carriers'!F12 -> 1 | H50: ='SR Container Carriers'!G12 -> 1 | I50: ='SR Container Carriers'!H12 -> 0 | ... K50: ='SR Container Carriers'!J12 -> 1 | L50: ='SR Container Carriers'!M12 -> 24.5 | M50: ='SR Container Carriers'!N12 -> 1 | N50: ='SR Container Carriers'!O12 -> 23.5 | O50: ='SR Container Carriers'!P12 -> 11h 12m
A51: ="SR CONTAINER CARRIERS" -> SR CONTAINER CARRIERS | B51: ='SR Container Carriers'!A13 -> JISHNU T | C51: ='SR Container Carriers'!B13 -> 6 | D51: ='SR Container Carriers'!C13 -> 4 | E51: ='SR Container Carriers'!D13 -> 20 | F51: ='SR Container Carriers'!E13 -> 0 | G51: ='SR Container Carriers'!F13 -> 0 | H51: ='SR Container Carriers'!G13 -> 0 | I51: ='SR Container Carriers'!H13 -> 4 | ... K51: ='SR Container Carriers'!J13 -> 1 | L51: ='SR Container Carriers'!M13 -> 0 | M51: ='SR Container Carriers'!N13 -> 0 | N51: ='SR Container Carriers'!O13 -> 0 | O51: ='SR Container Carriers'!P13 -> 10h 30m
A52: ="SR CONTAINER CARRIERS" -> SR CONTAINER CARRIERS | B52: ='SR Container Carriers'!A14 -> KULDEEP RAWAT | C52: ='SR Container Carriers'!B14 -> 30 | D52: ='SR Container Carriers'!C14 -> 24 | E52: ='SR Container Carriers'!D14 -> 0 | F52: ='SR Container Carriers'!E14 -> 0 | G52: ='SR Container Carriers'!F14 -> 0 | H52: ='SR Container Carriers'!G14 -> 0 | I52: ='SR Container Carriers'!H14 -> 0 | ... K52: ='SR Container Carriers'!J14 -> 1 | L52: ='SR Container Carriers'!M14 -> 61 | M52: ='SR Container Carriers'!N14 -> 0 | N52: ='SR Container Carriers'!O14 -> 61 | O52: ='SR Container Carriers'!P14 -> 9h 6m
A53: ="SR CONTAINER CARRIERS" -> SR CONTAINER CARRIERS | B53: ='SR Container Carriers'!A15 -> LIBIN V. | C53: ='SR Container Carriers'!B15 -> 30 | D53: ='SR Container Carriers'!C15 -> 24 | E53: ='SR Container Carriers'!D15 -> 0 | F53: ='SR Container Carriers'!E15 -> 0 | G53: ='SR Container Carriers'!F15 -> 0 | H53: ='SR Container Carriers'!G15 -> 0 | I53: ='SR Container Carriers'!H15 -> 0 | ... K53: ='SR Container Carriers'!J15 -> 1 | L53: ='SR Container Carriers'!M15 -> 9.5 | M53: ='SR Container Carriers'!N15 -> 0 | N53: ='SR Container Carriers'!O15 -> 9.5 | O53: ='SR Container Carriers'!P15 -> 10h 0m
A54: ="SR CONTAINER CARRIERS" -> SR CONTAINER CARRIERS | B54: ='SR Container Carriers'!A16 -> MOHIT SINGH | C54: ='SR Container Carriers'!B16 -> 30 | D54: ='SR Container Carriers'!C16 -> 23 | E54: ='SR Container Carriers'!D16 -> 0 | F54: ='SR Container Carriers'!E16 -> 0 | G54: ='SR Container Carriers'!F16 -> 1 | H54: ='SR Container Carriers'!G16 -> 1 | I54: ='SR Container Carriers'!H16 -> 0 | ... K54: ='SR Container Carriers'!J16 -> 1 | L54: ='SR Container Carriers'!M16 -> 23 | M54: ='SR Container Carriers'!N16 -> 1 | N54: ='SR Container Carriers'!O16 -> 22 | O54: ='SR Container Carriers'!P16 -> 9h 0m
... A61: ="SR CONTAINER CARRIERS" -> SR CONTAINER CARRIERS | B61: ='SR Container Carriers'!A23 -> VIKAS CHANDRA | C61: ='SR Container Carriers'!B23 -> 30 | D61: ='SR Container Carriers'!C23 -> 25 | E61: ='SR Container Carriers'!D23 -> 0 | F61: ='SR Container Carriers'!E23 -> 0 | G61: ='SR Container Carriers'!F23 -> 0 | H61: ='SR Container Carriers'!G23 -> 0 | I61: ='SR Container Carriers'!H23 -> 0 | ... K61: ='SR Container Carriers'!J23 -> 0 | L61: ='SR Container Carriers'!M23 -> 9.5 | M61: ='SR Container Carriers'!N23 -> 0 | N61: ='SR Container Carriers'!O23 -> 9.5 | O61: ='SR Container Carriers'!P23 -> 9h 36m
A62: ="SURAJ FORWARDERS" -> SURAJ FORWARDERS | B62: ='Suraj Forwarders'!A5 -> BHOOMI PARMAR | C62: ='Suraj Forwarders'!B5 -> 29 | D62: ='Suraj Forwarders'!C5 -> 23 | E62: ='Suraj Forwarders'!D5 -> 0 | F62: ='Suraj Forwarders'!E5 -> 0 | G62: ='Suraj Forwarders'!F5 -> 0 | H62: ='Suraj Forwarders'!G5 -> 0 | I62: ='Suraj Forwarders'!H5 -> 1 | ... K62: ='Suraj Forwarders'!J5 -> 1 | L62: ='Suraj Forwarders'!M5 -> 0 | M62: ='Suraj Forwarders'!N5 -> 0 | N62: ='Suraj Forwarders'!O5 -> 0 | O62: ='Suraj Forwarders'!P5 -> 9h 18m
A63: ="SURAJ FORWARDERS" -> SURAJ FORWARDERS | B63: ='Suraj Forwarders'!A6 -> BURHANUDDIN GODHRAWALA | C63: ='Suraj Forwarders'!B6 -> 27 | D63: ='Suraj Forwarders'!C6 -> 21 | E63: ='Suraj Forwarders'!D6 -> 0 | F63: ='Suraj Forwarders'!E6 -> 0 | G63: ='Suraj Forwarders'!F6 -> 0 | H63: ='Suraj Forwarders'!G6 -> 0 | I63: ='Suraj Forwarders'!H6 -> 3 | ... K63: ='Suraj Forwarders'!J6 -> 1 | L63: ='Suraj Forwarders'!M6 -> 0 | M63: ='Suraj Forwarders'!N6 -> 0 | N63: ='Suraj Forwarders'!O6 -> 0 | O63: ='Suraj Forwarders'!P6 -> 8h 36m
A64: ="SURAJ FORWARDERS" -> SURAJ FORWARDERS | B64: ='Suraj Forwarders'!A7 -> DHARMENDRA VINZAVA | C64: ='Suraj Forwarders'!B7 -> 30 | D64: ='Suraj Forwarders'!C7 -> 24 | E64: ='Suraj Forwarders'!D7 -> 0 | F64: ='Suraj Forwarders'!E7 -> 0 | G64: ='Suraj Forwarders'!F7 -> 0 | H64: ='Suraj Forwarders'!G7 -> 0 | I64: ='Suraj Forwarders'!H7 -> 0 | ... K64: ='Suraj Forwarders'!J7 -> 1 | L64: ='Suraj Forwarders'!M7 -> 43.5 | M64: ='Suraj Forwarders'!N7 -> 0 | N64: ='Suraj Forwarders'!O7 -> 43.5 | O64: ='Suraj Forwarders'!P7 -> 8h 54m
A65: ="SURAJ FORWARDERS" -> SURAJ FORWARDERS | B65: ='Suraj Forwarders'!A8 -> DIPAK RAVAT | C65: ='Suraj Forwarders'!B8 -> 29 | D65: ='Suraj Forwarders'!C8 -> 20.5 | E65: ='Suraj Forwarders'!D8 -> 0 | F65: ='Suraj Forwarders'!E8 -> 3 | G65: ='Suraj Forwarders'!F8 -> 1 | H65: ='Suraj Forwarders'!G8 -> 2.5 | I65: ='Suraj Forwarders'!H8 -> 1 | ... K65: ='Suraj Forwarders'!J8 -> 1 | L65: ='Suraj Forwarders'!M8 -> 2.5 | M65: ='Suraj Forwarders'!N8 -> 2.5 | N65: ='Suraj Forwarders'!O8 -> 0 | O65: ='Suraj Forwarders'!P8 -> 9h 0m
A66: ="SURAJ FORWARDERS" -> SURAJ FORWARDERS | B66: ='Suraj Forwarders'!A9 -> ELBIN KURIAN | C66: ='Suraj Forwarders'!B9 -> 30 | D66: ='Suraj Forwarders'!C9 -> 24 | E66: ='Suraj Forwarders'!D9 -> 0 | F66: ='Suraj Forwarders'!E9 -> 0 | G66: ='Suraj Forwarders'!F9 -> 0 | H66: ='Suraj Forwarders'!G9 -> 0 | I66: ='Suraj Forwarders'!H9 -> 0 | ... K66: ='Suraj Forwarders'!J9 -> 1 | L66: ='Suraj Forwarders'!M9 -> 9 | M66: ='Suraj Forwarders'!N9 -> 0 | N66: ='Suraj Forwarders'!O9 -> 9 | O66: ='Suraj Forwarders'!P9 -> 9h 0m
A67: ="SURAJ FORWARDERS" -> SURAJ FORWARDERS | B67: ='Suraj Forwarders'!A10 -> NIRALI PATEL | C67: ='Suraj Forwarders'!B10 -> 30 | D67: ='Suraj Forwarders'!C10 -> 24 | E67: ='Suraj Forwarders'!D10 -> 0 | F67: ='Suraj Forwarders'!E10 -> 0 | G67: ='Suraj Forwarders'!F10 -> 0 | H67: ='Suraj Forwarders'!G10 -> 0 | I67: ='Suraj Forwarders'!H10 -> 0 | ... K67: ='Suraj Forwarders'!J10 -> 1 | L67: ='Suraj Forwarders'!M10 -> 23.5 | M67: ='Suraj Forwarders'!N10 -> 0 | N67: ='Suraj Forwarders'!O10 -> 23.5 | O67: ='Suraj Forwarders'!P10 -> 8h 54m
A68: ="SURAJ FORWARDERS" -> SURAJ FORWARDERS | B68: ='Suraj Forwarders'!A11 -> PARAS MAKWANA | C68: ='Suraj Forwarders'!B11 -> 30 | D68: ='Suraj Forwarders'!C11 -> 25 | E68: ='Suraj Forwarders'!D11 -> 0 | F68: ='Suraj Forwarders'!E11 -> 0 | G68: ='Suraj Forwarders'!F11 -> 0 | H68: ='Suraj Forwarders'!G11 -> 0 | I68: ='Suraj Forwarders'!H11 -> 0 | ... K68: ='Suraj Forwarders'!J11 -> 1 | L68: ='Suraj Forwarders'!M11 -> 30.5 | M68: ='Suraj Forwarders'!N11 -> 0 | N68: ='Suraj Forwarders'!O11 -> 30.5 | O68: ='Suraj Forwarders'!P11 -> 9h 42m
A69: ="SURAJ FORWARDERS & SHIPPING AGENCIES" -> SURAJ FORWARDERS & SHIPPING AGENCIES | B69: ='Suraj Forwarders & Shipping Age'!A5 -> AMIT MISHRA | C69: ='Suraj Forwarders & Shipping Age'!B5 -> 29 | D69: ='Suraj Forwarders & Shipping Age'!C5 -> 20.5 | E69: ='Suraj Forwarders & Shipping Age'!D5 -> 0 | F69: ='Suraj Forwarders & Shipping Age'!E5 -> 1 | G69: ='Suraj Forwarders & Shipping Age'!F5 -> 3 | H69: ='Suraj Forwarders & Shipping Age'!G5 -> 3.5 | I69: ='Suraj Forwarders & Shipping Age'!H5 -> 1 | ... K69: ='Suraj Forwarders & Shipping Age'!J5 -> 1 | L69: ='Suraj Forwarders & Shipping Age'!M5 -> 43.5 | M69: ='Suraj Forwarders & Shipping Age'!N5 -> 3.5 | N69: ='Suraj Forwarders & Shipping Age'!O5 -> 40 | O69: ='Suraj Forwarders & Shipping Age'!P5 -> 9h 12m
A70: ="SURAJ FORWARDERS & SHIPPING AGENCIES" -> SURAJ FORWARDERS & SHIPPING AGENCIES | B70: ='Suraj Forwarders & Shipping Age'!A6 -> ANAND RAJPUT | C70: ='Suraj Forwarders & Shipping Age'!B6 -> 30 | D70: ='Suraj Forwarders & Shipping Age'!C6 -> 22 | E70: ='Suraj Forwarders & Shipping Age'!D6 -> 0 | F70: ='Suraj Forwarders & Shipping Age'!E6 -> 0 | G70: ='Suraj Forwarders & Shipping Age'!F6 -> 2 | H70: ='Suraj Forwarders & Shipping Age'!G6 -> 2 | I70: ='Suraj Forwarders & Shipping Age'!H6 -> 0 | ... K70: ='Suraj Forwarders & Shipping Age'!J6 -> 1 | L70: ='Suraj Forwarders & Shipping Age'!M6 -> 44.5 | M70: ='Suraj Forwarders & Shipping Age'!N6 -> 2 | N70: ='Suraj Forwarders & Shipping Age'!O6 -> 42.5 | O70: ='Suraj Forwarders & Shipping Age'!P6 -> 9h 36m
A71: ="SURAJ FORWARDERS & SHIPPING AGENCIES" -> SURAJ FORWARDERS & SHIPPING AGENCIES | B71: ='Suraj Forwarders & Shipping Age'!A7 -> ANURAG PILLAI | C71: ='Suraj Forwarders & Shipping Age'!B7 -> 30 | D71: ='Suraj Forwarders & Shipping Age'!C7 -> 25 | E71: ='Suraj Forwarders & Shipping Age'!D7 -> 0 | F71: ='Suraj Forwarders & Shipping Age'!E7 -> 0 | G71: ='Suraj Forwarders & Shipping Age'!F7 -> 0 | H71: ='Suraj Forwarders & Shipping Age'!G7 -> 0 | I71: ='Suraj Forwarders & Shipping Age'!H7 -> 0 | ... K71: ='Suraj Forwarders & Shipping Age'!J7 -> 1 | L71: ='Suraj Forwarders & Shipping Age'!M7 -> 6 | M71: ='Suraj Forwarders & Shipping Age'!N7 -> 0 | N71: ='Suraj Forwarders & Shipping Age'!O7 -> 6 | O71: ='Suraj Forwarders & Shipping Age'!P7 -> 11h 18m
A72: ="SURAJ FORWARDERS & SHIPPING AGENCIES" -> SURAJ FORWARDERS & SHIPPING AGENCIES | B72: ='Suraj Forwarders & Shipping Age'!A8 -> BHALUSINH RATHOD | C72: ='Suraj Forwarders & Shipping Age'!B8 -> 30 | D72: ='Suraj Forwarders & Shipping Age'!C8 -> 22 | E72: ='Suraj Forwarders & Shipping Age'!D8 -> 0 | F72: ='Suraj Forwarders & Shipping Age'!E8 -> 0 | G72: ='Suraj Forwarders & Shipping Age'!F8 -> 2 | H72: ='Suraj Forwarders & Shipping Age'!G8 -> 2 | I72: ='Suraj Forwarders & Shipping Age'!H8 -> 0 | ... K72: ='Suraj Forwarders & Shipping Age'!J8 -> 1 | L72: ='Suraj Forwarders & Shipping Age'!M8 -> 130 | M72: ='Suraj Forwarders & Shipping Age'!N8 -> 2 | N72: ='Suraj Forwarders & Shipping Age'!O8 -> 128 | O72: ='Suraj Forwarders & Shipping Age'!P8 -> 9h 18m
A73: ="SURAJ FORWARDERS & SHIPPING AGENCIES" -> SURAJ FORWARDERS & SHIPPING AGENCIES | B73: ='Suraj Forwarders & Shipping Age'!A9 -> BHARAT DEVASI | C73: ='Suraj Forwarders & Shipping Age'!B9 -> 29.5 | D73: ='Suraj Forwarders & Shipping Age'!C9 -> 20.5 | E73: ='Suraj Forwarders & Shipping Age'!D9 -> 0.5 | F73: ='Suraj Forwarders & Shipping Age'!E9 -> 0 | G73: ='Suraj Forwarders & Shipping Age'!F9 -> 3 | H73: ='Suraj Forwarders & Shipping Age'!G9 -> 3 | I73: ='Suraj Forwarders & Shipping Age'!H9 -> 0 | ... K73: ='Suraj Forwarders & Shipping Age'!J9 -> 1 | L73: ='Suraj Forwarders & Shipping Age'!M9 -> 37 | M73: ='Suraj Forwarders & Shipping Age'!N9 -> 3 | N73: ='Suraj Forwarders & Shipping Age'!O9 -> 34 | O73: ='Suraj Forwarders & Shipping Age'!P9 -> 9h 36m
A74: ="SURAJ FORWARDERS & SHIPPING AGENCIES" -> SURAJ FORWARDERS & SHIPPING AGENCIES | B74: ='Suraj Forwarders & Shipping Age'!A10 -> CHETANBHAI PARMAR | C74: ='Suraj Forwarders & Shipping Age'!B10 -> 30 | D74: ='Suraj Forwarders & Shipping Age'!C10 -> 20.5 | E74: ='Suraj Forwarders & Shipping Age'!D10 -> 0 | F74: ='Suraj Forwarders & Shipping Age'!E10 -> 1 | G74: ='Suraj Forwarders & Shipping Age'!F10 -> 3 | H74: ='Suraj Forwarders & Shipping Age'!G10 -> 3.5 | I74: ='Suraj Forwarders & Shipping Age'!H10 -> 0 | ... K74: ='Suraj Forwarders & Shipping Age'!J10 -> 1 | L74: ='Suraj Forwarders & Shipping Age'!M10 -> 52 | M74: ='Suraj Forwarders & Shipping Age'!N10 -> 3.5 | N74: ='Suraj Forwarders & Shipping Age'!O10 -> 48.5 | O74: ='Suraj Forwarders & Shipping Age'!P10 -> 9h 18m
A75: ="SURAJ FORWARDERS & SHIPPING AGENCIES" -> SURAJ FORWARDERS & SHIPPING AGENCIES | B75: ='Suraj Forwarders & Shipping Age'!A11 -> DHARMENDRA KUMAR DIXIT | C75: ='Suraj Forwarders & Shipping Age'!B11 -> 30 | D75: ='Suraj Forwarders & Shipping Age'!C11 -> 22 | E75: ='Suraj Forwarders & Shipping Age'!D11 -> 0 | F75: ='Suraj Forwarders & Shipping Age'!E11 -> 0 | G75: ='Suraj Forwarders & Shipping Age'!F11 -> 2 | H75: ='Suraj Forwarders & Shipping Age'!G11 -> 2 | I75: ='Suraj Forwarders & Shipping Age'!H11 -> 0 | ... K75: ='Suraj Forwarders & Shipping Age'!J11 -> 1 | L75: ='Suraj Forwarders & Shipping Age'!M11 -> 9.5 | M75: ='Suraj Forwarders & Shipping Age'!N11 -> 2 | N75: ='Suraj Forwarders & Shipping Age'!O11 -> 7.5 | O75: ='Suraj Forwarders & Shipping Age'!P11 -> 8h 18m
A76: ="SURAJ FORWARDERS & SHIPPING AGENCIES" -> SURAJ FORWARDERS & SHIPPING AGENCIES | B76: ='Suraj Forwarders & Shipping Age'!A12 -> DURGESH PANDEY | C76: ='Suraj Forwarders & Shipping Age'!B12 -> 30 | D76: ='Suraj Forwarders & Shipping Age'!C12 -> 25 | E76: ='Suraj Forwarders & Shipping Age'!D12 -> 0 | F76: ='Suraj Forwarders & Shipping Age'!E12 -> 0 | G76: ='Suraj Forwarders & Shipping Age'!F12 -> 0 | H76: ='Suraj Forwarders & Shipping Age'!G12 -> 0 | I76: ='Suraj Forwarders & Shipping Age'!H12 -> 0 | ... K76: ='Suraj Forwarders & Shipping Age'!J12 -> 1 | L76: ='Suraj Forwarders & Shipping Age'!M12 -> 10 | M76: ='Suraj Forwarders & Shipping Age'!N12 -> 0 | N76: ='Suraj Forwarders & Shipping Age'!O12 -> 10 | O76: ='Suraj Forwarders & Shipping Age'!P12 -> 10h 6m
A77: ="SURAJ FORWARDERS & SHIPPING AGENCIES" -> SURAJ FORWARDERS & SHIPPING AGENCIES | B77: ='Suraj Forwarders & Shipping Age'!A13 -> ELAIYARAJA ADIDRAVID | C77: ='Suraj Forwarders & Shipping Age'!B13 -> 30 | D77: ='Suraj Forwarders & Shipping Age'!C13 -> 23 | E77: ='Suraj Forwarders & Shipping Age'!D13 -> 0 | F77: ='Suraj Forwarders & Shipping Age'!E13 -> 0 | G77: ='Suraj Forwarders & Shipping Age'!F13 -> 1 | H77: ='Suraj Forwarders & Shipping Age'!G13 -> 1 | I77: ='Suraj Forwarders & Shipping Age'!H13 -> 0 | ... K77: ='Suraj Forwarders & Shipping Age'!J13 -> 1 | L77: ='Suraj Forwarders & Shipping Age'!M13 -> 22 | M77: ='Suraj Forwarders & Shipping Age'!N13 -> 1 | N77: ='Suraj Forwarders & Shipping Age'!O13 -> 21 | O77: ='Suraj Forwarders & Shipping Age'!P13 -> 8h 48m
A78: ="SURAJ FORWARDERS & SHIPPING AGENCIES" -> SURAJ FORWARDERS & SHIPPING AGENCIES | B78: ='Suraj Forwarders & Shipping Age'!A14 -> GAURAV SINGH | C78: ='Suraj Forwarders & Shipping Age'!B14 -> 30 | D78: ='Suraj Forwarders & Shipping Age'!C14 -> 24 | E78: ='Suraj Forwarders & Shipping Age'!D14 -> 0 | F78: ='Suraj Forwarders & Shipping Age'!E14 -> 0 | G78: ='Suraj Forwarders & Shipping Age'!F14 -> 0 | H78: ='Suraj Forwarders & Shipping Age'!G14 -> 0 | I78: ='Suraj Forwarders & Shipping Age'!H14 -> 0 | ... K78: ='Suraj Forwarders & Shipping Age'!J14 -> 1 | L78: ='Suraj Forwarders & Shipping Age'!M14 -> 30.5 | M78: ='Suraj Forwarders & Shipping Age'!N14 -> 0 | N78: ='Suraj Forwarders & Shipping Age'!O14 -> 30.5 | O78: ='Suraj Forwarders & Shipping Age'!P14 -> 9h 12m
A79: ="SURAJ FORWARDERS & SHIPPING AGENCIES" -> SURAJ FORWARDERS & SHIPPING AGENCIES | B79: ='Suraj Forwarders & Shipping Age'!A15 -> HIMMAT PANWAR | C79: ='Suraj Forwarders & Shipping Age'!B15 -> 30 | D79: ='Suraj Forwarders & Shipping Age'!C15 -> 18 | E79: ='Suraj Forwarders & Shipping Age'!D15 -> 0 | F79: ='Suraj Forwarders & Shipping Age'!E15 -> 0 | G79: ='Suraj Forwarders & Shipping Age'!F15 -> 7 | H79: ='Suraj Forwarders & Shipping Age'!G15 -> 7 | I79: ='Suraj Forwarders & Shipping Age'!H15 -> 0 | ... K79: ='Suraj Forwarders & Shipping Age'!J15 -> 1 | L79: ='Suraj Forwarders & Shipping Age'!M15 -> 10 | M79: ='Suraj Forwarders & Shipping Age'!N15 -> 7 | N79: ='Suraj Forwarders & Shipping Age'!O15 -> 3 | O79: ='Suraj Forwarders & Shipping Age'!P15 -> 9h 0m
A80: ="SURAJ FORWARDERS & SHIPPING AGENCIES" -> SURAJ FORWARDERS & SHIPPING AGENCIES | B80: ='Suraj Forwarders & Shipping Age'!A16 -> JITENDRAKUMAR MAKWANA | C80: ='Suraj Forwarders & Shipping Age'!B16 -> 30 | D80: ='Suraj Forwarders & Shipping Age'!C16 -> 24 | E80: ='Suraj Forwarders & Shipping Age'!D16 -> 0 | F80: ='Suraj Forwarders & Shipping Age'!E16 -> 0 | G80: ='Suraj Forwarders & Shipping Age'!F16 -> 1 | H80: ='Suraj Forwarders & Shipping Age'!G16 -> 1 | I80: ='Suraj Forwarders & Shipping Age'!H16 -> 0 | ... K80: ='Suraj Forwarders & Shipping Age'!J16 -> 1 | L80: ='Suraj Forwarders & Shipping Age'!M16 -> 48 | M80: ='Suraj Forwarders & Shipping Age'!N16 -> 1 | N80: ='Suraj Forwarders & Shipping Age'!O16 -> 47 | O80: ='Suraj Forwarders & Shipping Age'!P16 -> 9h 18m
... A97: ="SURAJ FORWARDERS & SHIPPING AGENCIES" -> SURAJ FORWARDERS & SHIPPING AGENCIES | B97: ='Suraj Forwarders & Shipping Age'!A33 -> VISHNU ADIDRAVID | C97: ='Suraj Forwarders & Shipping Age'!B33 -> 30 | D97: ='Suraj Forwarders & Shipping Age'!C33 -> 24 | E97: ='Suraj Forwarders & Shipping Age'!D33 -> 0 | F97: ='Suraj Forwarders & Shipping Age'!E33 -> 0 | G97: ='Suraj Forwarders & Shipping Age'!F33 -> 0 | H97: ='Suraj Forwarders & Shipping Age'!G33 -> 0 | I97: ='Suraj Forwarders & Shipping Age'!H33 -> 0 | ... K97: ='Suraj Forwarders & Shipping Age'!J33 -> 1 | L97: ='Suraj Forwarders & Shipping Age'!M33 -> 0 | M97: ='Suraj Forwarders & Shipping Age'!N33 -> 0 | N97: ='Suraj Forwarders & Shipping Age'!O33 -> 0 | O97: ='Suraj Forwarders & Shipping Age'!P33 -> 9h 6m
A98: ="SURAJ FORWARDERS PRIVATE LIMITED" -> SURAJ FORWARDERS PRIVATE LIMITED | B98: ='Suraj Forwarders Private Limite'!A5 -> AAMIR SAIYED | C98: ='Suraj Forwarders Private Limite'!B5 -> 28 | D98: ='Suraj Forwarders Private Limite'!C5 -> 22 | E98: ='Suraj Forwarders Private Limite'!D5 -> 1 | F98: ='Suraj Forwarders Private Limite'!E5 -> 0 | G98: ='Suraj Forwarders Private Limite'!F5 -> 0 | H98: ='Suraj Forwarders Private Limite'!G5 -> 0 | I98: ='Suraj Forwarders Private Limite'!H5 -> 0 | ... K98: ='Suraj Forwarders Private Limite'!J5 -> 1 | L98: ='Suraj Forwarders Private Limite'!M5 -> 0 | M98: ='Suraj Forwarders Private Limite'!N5 -> 0 | N98: ='Suraj Forwarders Private Limite'!O5 -> 0 | O98: ='Suraj Forwarders Private Limite'!P5 -> 7h 30m
A99: ="SURAJ FORWARDERS PRIVATE LIMITED" -> SURAJ FORWARDERS PRIVATE LIMITED | B99: ='Suraj Forwarders Private Limite'!A6 -> AJAY KUMAWAT | C99: ='Suraj Forwarders Private Limite'!B6 -> 30 | D99: ='Suraj Forwarders Private Limite'!C6 -> 24 | E99: ='Suraj Forwarders Private Limite'!D6 -> 0 | F99: ='Suraj Forwarders Private Limite'!E6 -> 0 | G99: ='Suraj Forwarders Private Limite'!F6 -> 0 | H99: ='Suraj Forwarders Private Limite'!G6 -> 0 | I99: ='Suraj Forwarders Private Limite'!H6 -> 0 | ... K99: ='Suraj Forwarders Private Limite'!J6 -> 1 | L99: ='Suraj Forwarders Private Limite'!M6 -> 12 | M99: ='Suraj Forwarders Private Limite'!N6 -> 0 | N99: ='Suraj Forwarders Private Limite'!O6 -> 12 | O99: ='Suraj Forwarders Private Limite'!P6 -> 9h 0m
A100: ="SURAJ FORWARDERS PRIVATE LIMITED" -> SURAJ FORWARDERS PRIVATE LIMITED | B100: ='Suraj Forwarders Private Limite'!A7 -> AKASH MODI | C100: ='Suraj Forwarders Private Limite'!B7 -> 30 | D100: ='Suraj Forwarders Private Limite'!C7 -> 18 | E100: ='Suraj Forwarders Private Limite'!D7 -> 0 | F100: ='Suraj Forwarders Private Limite'!E7 -> 0 | G100: ='Suraj Forwarders Private Limite'!F7 -> 6 | H100: ='Suraj Forwarders Private Limite'!G7 -> 6 | I100: ='Suraj Forwarders Private Limite'!H7 -> 0 | ... K100: ='Suraj Forwarders Private Limite'!J7 -> 1 | L100: ='Suraj Forwarders Private Limite'!M7 -> 61 | M100: ='Suraj Forwarders Private Limite'!N7 -> 6 | N100: ='Suraj Forwarders Private Limite'!O7 -> 55 | O100: ='Suraj Forwarders Private Limite'!P7 -> 8h 48m
A101: ="SURAJ FORWARDERS PRIVATE LIMITED" -> SURAJ FORWARDERS PRIVATE LIMITED | B101: ='Suraj Forwarders Private Limite'!A8 -> ASHOKKUMAR CHAUHAN | C101: ='Suraj Forwarders Private Limite'!B8 -> 30 | D101: ='Suraj Forwarders Private Limite'!C8 -> 22.5 | E101: ='Suraj Forwarders Private Limite'!D8 -> 0 | F101: ='Suraj Forwarders Private Limite'!E8 -> 1 | G101: ='Suraj Forwarders Private Limite'!F8 -> 1 | H101: ='Suraj Forwarders Private Limite'!G8 -> 1.5 | I101: ='Suraj Forwarders Private Limite'!H8 -> 0 | ... K101: ='Suraj Forwarders Private Limite'!J8 -> 1 | L101: ='Suraj Forwarders Private Limite'!M8 -> 14.5 | M101: ='Suraj Forwarders Private Limite'!N8 -> 1.5 | N101: ='Suraj Forwarders Private Limite'!O8 -> 13 | O101: ='Suraj Forwarders Private Limite'!P8 -> 10h 0m
A102: ="SURAJ FORWARDERS PRIVATE LIMITED" -> SURAJ FORWARDERS PRIVATE LIMITED | B102: ='Suraj Forwarders Private Limite'!A9 -> BALVIR NANDA | C102: ='Suraj Forwarders Private Limite'!B9 -> 30 | D102: ='Suraj Forwarders Private Limite'!C9 -> 24 | E102: ='Suraj Forwarders Private Limite'!D9 -> 0 | F102: ='Suraj Forwarders Private Limite'!E9 -> 0 | G102: ='Suraj Forwarders Private Limite'!F9 -> 2 | H102: ='Suraj Forwarders Private Limite'!G9 -> 2 | I102: ='Suraj Forwarders Private Limite'!H9 -> 0 | ... K102: ='Suraj Forwarders Private Limite'!J9 -> 0 | L102: ='Suraj Forwarders Private Limite'!M9 -> 73.5 | M102: ='Suraj Forwarders Private Limite'!N9 -> 2 | N102: ='Suraj Forwarders Private Limite'!O9 -> 71.5 | O102: ='Suraj Forwarders Private Limite'!P9 -> 11h 0m
A103: ="SURAJ FORWARDERS PRIVATE LIMITED" -> SURAJ FORWARDERS PRIVATE LIMITED | B103: ='Suraj Forwarders Private Limite'!A10 -> CHIRAG SHAH | C103: ='Suraj Forwarders Private Limite'!B10 -> 30 | D103: ='Suraj Forwarders Private Limite'!C10 -> 22.5 | E103: ='Suraj Forwarders Private Limite'!D10 -> 0 | F103: ='Suraj Forwarders Private Limite'!E10 -> 1 | G103: ='Suraj Forwarders Private Limite'!F10 -> 1 | H103: ='Suraj Forwarders Private Limite'!G10 -> 1.5 | I103: ='Suraj Forwarders Private Limite'!H10 -> 0 | ... K103: ='Suraj Forwarders Private Limite'!J10 -> 1 | L103: ='Suraj Forwarders Private Limite'!M10 -> 64 | M103: ='Suraj Forwarders Private Limite'!N10 -> 1.5 | N103: ='Suraj Forwarders Private Limite'!O10 -> 62.5 | O103: ='Suraj Forwarders Private Limite'!P10 -> 8h 54m
A104: ="SURAJ FORWARDERS PRIVATE LIMITED" -> SURAJ FORWARDERS PRIVATE LIMITED | B104: ='Suraj Forwarders Private Limite'!A11 -> GEETHANJALI B | C104: ='Suraj Forwarders Private Limite'!B11 -> 30 | D104: ='Suraj Forwarders Private Limite'!C11 -> 16 | E104: ='Suraj Forwarders Private Limite'!D11 -> 0 | F104: ='Suraj Forwarders Private Limite'!E11 -> 0 | G104: ='Suraj Forwarders Private Limite'!F11 -> 8 | H104: ='Suraj Forwarders Private Limite'!G11 -> 8 | I104: ='Suraj Forwarders Private Limite'!H11 -> 0 | ... K104: ='Suraj Forwarders Private Limite'!J11 -> 1 | L104: ='Suraj Forwarders Private Limite'!M11 -> 18 | M104: ='Suraj Forwarders Private Limite'!N11 -> 8 | N104: ='Suraj Forwarders Private Limite'!O11 -> 10 | O104: ='Suraj Forwarders Private Limite'!P11 -> 8h 54m
A105: ="SURAJ FORWARDERS PRIVATE LIMITED" -> SURAJ FORWARDERS PRIVATE LIMITED | B105: ='Suraj Forwarders Private Limite'!A12 -> JIGNESH SORATHAIA | C105: ='Suraj Forwarders Private Limite'!B12 -> 28 | D105: ='Suraj Forwarders Private Limite'!C12 -> 23 | E105: ='Suraj Forwarders Private Limite'!D12 -> 0 | F105: ='Suraj Forwarders Private Limite'!E12 -> 0 | G105: ='Suraj Forwarders Private Limite'!F12 -> 0 | H105: ='Suraj Forwarders Private Limite'!G12 -> 0 | I105: ='Suraj Forwarders Private Limite'!H12 -> 2 | ... K105: ='Suraj Forwarders Private Limite'!J12 -> 1 | L105: ='Suraj Forwarders Private Limite'!M12 -> 0 | M105: ='Suraj Forwarders Private Limite'!N12 -> 0 | N105: ='Suraj Forwarders Private Limite'!O12 -> 0 | O105: ='Suraj Forwarders Private Limite'!P12 -> 9h 18m
A106: ="SURAJ FORWARDERS PRIVATE LIMITED" -> SURAJ FORWARDERS PRIVATE LIMITED | B106: ='Suraj Forwarders Private Limite'!A13 -> JYOTHISH R | C106: ='Suraj Forwarders Private Limite'!B13 -> 30 | D106: ='Suraj Forwarders Private Limite'!C13 -> 23 | E106: ='Suraj Forwarders Private Limite'!D13 -> 0 | F106: ='Suraj Forwarders Private Limite'!E13 -> 0 | G106: ='Suraj Forwarders Private Limite'!F13 -> 1 | H106: ='Suraj Forwarders Private Limite'!G13 -> 1 | I106: ='Suraj Forwarders Private Limite'!H13 -> 0 | ... K106: ='Suraj Forwarders Private Limite'!J13 -> 1 | L106: ='Suraj Forwarders Private Limite'!M13 -> 15.5 | M106: ='Suraj Forwarders Private Limite'!N13 -> 1 | N106: ='Suraj Forwarders Private Limite'!O13 -> 14.5 | O106: ='Suraj Forwarders Private Limite'!P13 -> 9h 0m
A107: ="SURAJ FORWARDERS PRIVATE LIMITED" -> SURAJ FORWARDERS PRIVATE LIMITED | B107: ='Suraj Forwarders Private Limite'!A14 -> KETANKUMAR PATEL | C107: ='Suraj Forwarders Private Limite'!B14 -> 30 | D107: ='Suraj Forwarders Private Limite'!C14 -> 22 | E107: ='Suraj Forwarders Private Limite'!D14 -> 0 | F107: ='Suraj Forwarders Private Limite'!E14 -> 0 | G107: ='Suraj Forwarders Private Limite'!F14 -> 2 | H107: ='Suraj Forwarders Private Limite'!G14 -> 2 | I107: ='Suraj Forwarders Private Limite'!H14 -> 0 | ... K107: ='Suraj Forwarders Private Limite'!J14 -> 1 | L107: ='Suraj Forwarders Private Limite'!M14 -> 13 | M107: ='Suraj Forwarders Private Limite'!N14 -> 2 | N107: ='Suraj Forwarders Private Limite'!O14 -> 11 | O107: ='Suraj Forwarders Private Limite'!P14 -> 8h 36m
A108: ="SURAJ FORWARDERS PRIVATE LIMITED" -> SURAJ FORWARDERS PRIVATE LIMITED | B108: ='Suraj Forwarders Private Limite'!A15 -> LEENA VIJAYAN | C108: ='Suraj Forwarders Private Limite'!B15 -> 30 | D108: ='Suraj Forwarders Private Limite'!C15 -> 24 | E108: ='Suraj Forwarders Private Limite'!D15 -> 0 | F108: ='Suraj Forwarders Private Limite'!E15 -> 0 | G108: ='Suraj Forwarders Private Limite'!F15 -> 0 | H108: ='Suraj Forwarders Private Limite'!G15 -> 0 | I108: ='Suraj Forwarders Private Limite'!H15 -> 0 | ... K108: ='Suraj Forwarders Private Limite'!J15 -> 1 | L108: ='Suraj Forwarders Private Limite'!M15 -> 0 | M108: ='Suraj Forwarders Private Limite'!N15 -> 0 | N108: ='Suraj Forwarders Private Limite'!O15 -> 0 | O108: ='Suraj Forwarders Private Limite'!P15 -> 8h 48m
A109: ="SURAJ FORWARDERS PRIVATE LIMITED" -> SURAJ FORWARDERS PRIVATE LIMITED | B109: ='Suraj Forwarders Private Limite'!A16 -> MANU PILLAI | C109: ='Suraj Forwarders Private Limite'!B16 -> 30 | D109: ='Suraj Forwarders Private Limite'!C16 -> 23 | E109: ='Suraj Forwarders Private Limite'!D16 -> 0 | F109: ='Suraj Forwarders Private Limite'!E16 -> 0 | G109: ='Suraj Forwarders Private Limite'!F16 -> 1 | H109: ='Suraj Forwarders Private Limite'!G16 -> 1 | I109: ='Suraj Forwarders Private Limite'!H16 -> 0 | ... K109: ='Suraj Forwarders Private Limite'!J16 -> 1 | L109: ='Suraj Forwarders Private Limite'!M16 -> 21 | M109: ='Suraj Forwarders Private Limite'!N16 -> 1 | N109: ='Suraj Forwarders Private Limite'!O16 -> 20 | O109: ='Suraj Forwarders Private Limite'!P16 -> 8h 54m
... A125: ="SURAJ FORWARDERS PRIVATE LIMITED" -> SURAJ FORWARDERS PRIVATE LIMITED | B125: ='Suraj Forwarders Private Limite'!A32 -> YASH SHAH | C125: ='Suraj Forwarders Private Limite'!B32 -> 30 | D125: ='Suraj Forwarders Private Limite'!C32 -> 23 | E125: ='Suraj Forwarders Private Limite'!D32 -> 0 | F125: ='Suraj Forwarders Private Limite'!E32 -> 0 | G125: ='Suraj Forwarders Private Limite'!F32 -> 1 | H125: ='Suraj Forwarders Private Limite'!G32 -> 1 | I125: ='Suraj Forwarders Private Limite'!H32 -> 0 | ... K125: ='Suraj Forwarders Private Limite'!J32 -> 1 | L125: ='Suraj Forwarders Private Limite'!M32 -> 54 | M125: ='Suraj Forwarders Private Limite'!N32 -> 1 | N125: ='Suraj Forwarders Private Limite'!O32 -> 53 | O125: ='Suraj Forwarders Private Limite'!P32 -> 8h 54m
A126: ="UNASSIGNED" -> UNASSIGNED | B126: ='Unassigned'!A5 -> DO Team Pulse | C126: ='Unassigned'!B5 -> 0 | D126: ='Unassigned'!C5 -> 0 | E126: ='Unassigned'!D5 -> 25 | F126: ='Unassigned'!E5 -> 0 | G126: ='Unassigned'!F5 -> 0 | H126: ='Unassigned'!G5 -> 0 | I126: ='Unassigned'!H5 -> 5 | ... K126: ='Unassigned'!J5 -> 0 | L126: ='Unassigned'!M5 -> 12 | M126: ='Unassigned'!N5 -> 0 | N126: ='Unassigned'!O5 -> 12 | O126: ='Unassigned'!P5 -> 0h 0m
A127: ="UNASSIGNED" -> UNASSIGNED | B127: ='Unassigned'!A6 -> RAMDEV SINGH | C127: ='Unassigned'!B6 -> 0 | D127: ='Unassigned'!C6 -> 0 | E127: ='Unassigned'!D6 -> 25 | F127: ='Unassigned'!E6 -> 0 | G127: ='Unassigned'!F6 -> 0 | H127: ='Unassigned'!G6 -> 0 | I127: ='Unassigned'!H6 -> 5 | ... K127: ='Unassigned'!J6 -> 0 | L127: ='Unassigned'!M6 -> 12 | M127: ='Unassigned'!N6 -> 0 | N127: ='Unassigned'!O6 -> 12 | O127: ='Unassigned'!P6 -> 0h 0m
A128: ="UNASSIGNED" -> UNASSIGNED | B128: ='Unassigned'!A7 -> RAMVEER SINGH | C128: ='Unassigned'!B7 -> 0 | D128: ='Unassigned'!C7 -> 0 | E128: ='Unassigned'!D7 -> 25 | F128: ='Unassigned'!E7 -> 0 | G128: ='Unassigned'!F7 -> 0 | H128: ='Unassigned'!G7 -> 0 | I128: ='Unassigned'!H7 -> 5 | ... K128: ='Unassigned'!J7 -> 0 | L128: ='Unassigned'!M7 -> 12 | M128: ='Unassigned'!N7 -> 0 | N128: ='Unassigned'!O7 -> 12 | O128: ='Unassigned'!P7 -> 0h 0m
A129: ="UNASSIGNED" -> UNASSIGNED | B129: ='Unassigned'!A8 -> test_admin | C129: ='Unassigned'!B8 -> 0 | D129: ='Unassigned'!C8 -> 0 | E129: ='Unassigned'!D8 -> 25 | F129: ='Unassigned'!E8 -> 0 | G129: ='Unassigned'!F8 -> 0 | H129: ='Unassigned'!G8 -> 0 | I129: ='Unassigned'!H8 -> 5 | ... K129: ='Unassigned'!J8 -> 0 | L129: ='Unassigned'!M8 -> 12 | M129: ='Unassigned'!N8 -> 0 | N129: ='Unassigned'!O8 -> 12 | O129: ='Unassigned'!P8 -> 0h 0m
A130: ="UNASSIGNED" -> UNASSIGNED | B130: ='Unassigned'!A9 -> THAKOR RAMESHBHAI | C130: ='Unassigned'!B9 -> 0 | D130: ='Unassigned'!C9 -> 0 | E130: ='Unassigned'!D9 -> 25 | F130: ='Unassigned'!E9 -> 0 | G130: ='Unassigned'!F9 -> 0 | H130: ='Unassigned'!G9 -> 0 | I130: ='Unassigned'!H9 -> 5 | ... K130: ='Unassigned'!J9 -> 0 | L130: ='Unassigned'!M9 -> 12 | M130: ='Unassigned'!N9 -> 0 | N130: ='Unassigned'!O9 -> 12 | O130: ='Unassigned'!P9 -> 0h 0m
A131: ="UNASSIGNED" -> UNASSIGNED | B131: ='Unassigned'!A10 -> VIPIN SINGH | C131: ='Unassigned'!B10 -> 0 | D131: ='Unassigned'!C10 -> 0 | E131: ='Unassigned'!D10 -> 25 | F131: ='Unassigned'!E10 -> 0 | G131: ='Unassigned'!F10 -> 0 | H131: ='Unassigned'!G10 -> 0 | I131: ='Unassigned'!H10 -> 5 | ... K131: ='Unassigned'!J10 -> 0 | L131: ='Unassigned'!M10 -> 12 | M131: ='Unassigned'!N10 -> 0 | N131: ='Unassigned'!O10 -> 12 | O131: ='Unassigned'!P10 -> 0h 0m
A133: Filter company or employee using the header arrows. All figures link to the original registers; source zeros and blank values are retained.

Sheet Alluvium IoT Solutions Private 
A1: ALLUVIUM IOT SOLUTIONS PRIVATE LIMITED — ATTENDANCE & LEAVE REGISTER
A2: Period: 01 Sep 2026 to 30 Sep 2026 | Generated on: 16-Oct-2026 14:53 | Staff Count: 2
A4: Employee | B4: Total Working Days | C4: Present | D4: Absent | E4: Half Day PL | F4: Full Day PL | G4: Total PL Taken | H4: LWP Taken | I4: Week Off | J4: Holiday | M4: September Opening Balance | N4: PL Taken | O4: Available Balance | P4: Avg Hours/Day
A5: ARPIT SINGHAL | B5: 0 | C5: 0 | D5: 26 | E5: 0 | F5: 0 | G5: 0 | H5: 4 | I5: 0 | J5: 0 | M5: 0 | N5: 0 | O5: 0 | P5: 0h 0m
A6: MASOOD RAZA | B6: 30 | C6: 21 | D6: 0 | E6: 0 | F6: 2 | G6: 2 | H6: 0 | I6: 6 | J6: 1 | M6: 10 | N6: 2 | O6: 8 | P6: 9h 48m
A9: DAILY LOGS: ARPIT SINGHAL
A10: Date | B10: Day | C10: Shift | D10: Status | E10: In Time | F10: Out Time | G10: Total Hours | H10: Late In / Early Out
A11: 01-09-2026 | B11: Tue | C11: — | D11: Absent | H11: —
A12: 02-09-2026 | B12: Wed | C12: — | D12: Absent | H12: —
A13: 03-09-2026 | B13: Thu | C13: — | D13: Absent | H13: —
A14: 04-09-2026 | B14: Fri | C14: — | D14: Absent | H14: —
A15: 05-09-2026 | B15: Sat | C15: — | D15: Absent | H15: —
A16: 06-09-2026 | B16: Sun | C16: — | D16: LWP | H16: —
A17: 07-09-2026 | B17: Mon | C17: — | D17: Absent | H17: —
A18: 08-09-2026 | B18: Tue | C18: — | D18: Absent | H18: —
A19: 09-09-2026 | B19: Wed | C19: — | D19: Absent | H19: —
A20: 10-09-2026 | B20: Thu | C20: — | D20: Absent | H20: —
A21: 11-09-2026 | B21: Fri | C21: — | D21: Absent | H21: —
A22: 12-09-2026 | B22: Sat | C22: — | D22: Absent | H22: —
... A40: 30-09-2026 | B40: Wed | C40: — | D40: Absent | H40: —
A41: Total Worked Hours | G41: 0h 0m
A43: DAILY LOGS: MASOOD RAZA
A44: Date | B44: Day | C44: Shift | D44: Status | E44: In Time | F44: Out Time | G44: Total Hours | H44: Late In / Early Out
A45: 01-09-2026 | B45: Tue | C45: SFPL-10-7 10:00–19:00 | D45: Present | E45: 8:57 AM | F45: 6:30 PM | G45: 9h 33m | H45: Early Out (29m)
A46: 02-09-2026 | B46: Wed | C46: SFPL-10-7 10:00–19:00 | D46: Present | E46: 9:28 AM | F46: 7:56 PM | G46: 10h 28m | H46: On Time
A47: 03-09-2026 | B47: Thu | C47: SFPL-10-7 10:00–19:00 | D47: Present | E47: 9:13 AM | F47: 6:30 PM | G47: 9h 17m | H47: Early Out (30m)
A48: 04-09-2026 | B48: Fri | C48: SFPL-10-7 10:00–19:00 | D48: Holiday | H48: —
A49: 05-09-2026 | B49: Sat | C49: SFPL-10-7 10:00–19:00 | D49: Present | E49: 8:42 AM | F49: 7:40 PM | G49: 10h 58m | H49: On Time
A50: 06-09-2026 | B50: Sun | C50: SFPL-10-7 10:00–19:00 | D50: Weekly Off | H50: —
A51: 07-09-2026 | B51: Mon | C51: SFPL-10-7 10:00–19:00 | D51: PL | H51: —
A52: 08-09-2026 | B52: Tue | C52: SFPL-10-7 10:00–19:00 | D52: Present | E52: 2:43 PM | F52: 4:28 PM | G52: 1h 45m | H52: Late In (283m), Early Out (152m)
A53: 09-09-2026 | B53: Wed | C53: SFPL-10-7 10:00–19:00 | D53: Present | E53: 9:04 AM | F53: 8:58 PM | G53: 11h 53m | H53: On Time
A54: 10-09-2026 | B54: Thu | C54: SFPL-10-7 10:00–19:00 | D54: Present | E54: 9:00 AM | F54: 7:51 PM | G54: 10h 51m | H54: On Time
A55: 11-09-2026 | B55: Fri | C55: SFPL-10-7 10:00–19:00 | D55: Present | E55: 9:00 AM | F55: 6:00 PM | G55: 9h 0m | H55: Early Out (60m)
A56: 12-09-2026 | B56: Sat | C56: SFPL-10-7 10:00–19:00 | D56: Weekly Off | H56: —
A57: 13-09-2026 | B57: Sun | C57: SFPL-10-7 10:00–19:00 | D57: Weekly Off | H57: —
A58: 14-09-2026 | B58: Mon | C58: SFPL-10-7 10:00–19:00 | D58: PL | H58: —
A59: 15-09-2026 | B59: Tue | C59: SFPL-10-7 10:00–19:00 | D59: Present | E59: 9:10 AM | F59: 9:06 PM | G59: 11h 56m | H59: On Time
A60: 16-09-2026 | B60: Wed | C60: SFPL-10-7 10:00–19:00 | D60: Present | E60: 9:13 AM | F60: 8:03 PM | G60: 10h 50m | H60: On Time
A61: 17-09-2026 | B61: Thu | C61: SFPL-10-7 10:00–19:00 | D61: Present | E61: 9:21 AM | F61: 7:59 PM | G61: 10h 38m | H61: On Time
A62: 18-09-2026 | B62: Fri | C62: SFPL-10-7 10:00–19:00 | D62: Present | H62: —
A63: 19-09-2026 | B63: Sat | C63: SFPL-10-7 10:00–19:00 | D63: Present | E63: 9:09 AM | F63: 6:52 PM | G63: 9h 43m | H63: On Time
A64: 20-09-2026 | B64: Sun | C64: SFPL-10-7 10:00–19:00 | D64: Weekly Off | H64: —
A65: 21-09-2026 | B65: Mon | C65: SFPL-10-7 10:00–19:00 | D65: Present | E65: 9:10 AM | F65: 7:24 PM | G65: 10h 13m | H65: On Time
A66: 22-09-2026 | B66: Tue | C66: SFPL-10-7 10:00–19:00 | D66: Present | E66: 9:15 AM | F66: 8:02 PM | G66: 10h 47m | H66: On Time
A67: 23-09-2026 | B67: Wed | C67: SFPL-10-7 10:00–19:00 | D67: Present | E67: 9:18 AM | F67: 6:43 PM | G67: 9h 24m | H67: Early Out (16m)
A68: 24-09-2026 | B68: Thu | C68: SFPL-10-7 10:00–19:00 | D68: Present | E68: 8:52 AM | F68: 6:19 PM | G68: 9h 27m | H68: Early Out (40m)
A69: 25-09-2026 | B69: Fri | C69: SFPL-10-7 10:00–19:00 | D69: Present | E69: 10:00 AM | F69: 8:00 PM | G69: 10h 0m | H69: On Time
A70: 26-09-2026 | B70: Sat | C70: SFPL-10-7 10:00–19:00 | D70: Weekly Off | H70: —
A71: 27-09-2026 | B71: Sun | C71: SFPL-10-7 10:00–19:00 | D71: Weekly Off | H71: —
A72: 28-09-2026 | B72: Mon | C72: SFPL-10-7 10:00–19:00 | D72: Present | E72: 9:33 AM | F72: 6:41 PM | G72: 9h 8m | H72: Early Out (18m)
A73: 29-09-2026 | B73: Tue | C73: SFPL-10-7 10:00–19:00 | D73: Present | E73: 9:24 AM | F73: 7:10 PM | G73: 9h 46m | H73: On Time
A74: 30-09-2026 | B74: Wed | C74: SFPL-10-7 10:00–19:00 | D74: Present | E74: 9:30 AM | F74: 7:00 PM | G74: 9h 30m | H74: On Time
A75: Total Worked Hours | G75: 195h 8m

Sheet Eximbiz Enterprise
A1: EXIMBIZ ENTERPRISE — ATTENDANCE & LEAVE REGISTER
A2: Period: 01 Sep 2026 to 30 Sep 2026 | Generated on: 16-Oct-2026 14:53 | Staff Count: 8
A4: Employee | B4: Total Working Days | C4: Present | D4: Absent | E4: Half Day PL | F4: Full Day PL | G4: Total PL Taken | H4: LWP Taken | I4: Week Off | J4: Holiday | M4: September Opening Balance | N4: PL Taken | O4: Available Balance | P4: Avg Hours/Day
A5: AHMED ADENWALA | B5: 30 | C5: 23.5 | D5: 0 | E5: 1 | F5: 0 | G5: 0.5 | H5: 0 | I5: 5 | J5: 1 | M5: 35.5 | N5: 0.5 | O5: 35 | P5: 9h 12m
A6: ALPESH PARMAR | B6: 30 | C6: 20 | D6: 0 | E6: 2 | F6: 3 | G6: 4 | H6: 0 | I6: 5 | J6: 1 | M6: 24.5 | N6: 4 | O6: 20.5 | P6: 9h 0m
A7: AMBILY | B7: 30 | C7: 24 | D7: 0 | E7: 0 | F7: 0 | G7: 0 | H7: 0 | I7: 5 | J7: 1 | M7: 0 | N7: 0 | O7: 0 | P7: 9h 0m
A8: DIPAK VAGHELA | B8: 30 | C8: 20.5 | D8: 0 | E8: 5 | F8: 2 | G8: 4.5 | H8: 0 | I8: 4 | J8: 1 | M8: 16 | N8: 4.5 | O8: 11.5 | P8: 9h 30m
A9: HIRANRAJ R | B9: 30 | C9: 24 | D9: 0 | E9: 0 | F9: 0 | G9: 0 | H9: 0 | I9: 5 | J9: 1 | M9: 0 | N9: 0 | O9: 0 | P9: 9h 6m
A10: KARAN MISHRA | B10: 30 | C10: 22 | D10: 0 | E10: 0 | F10: 2 | G10: 2 | H10: 0 | I10: 5 | J10: 1 | M10: 17 | N10: 2 | O10: 15 | P10: 9h 6m
A11: RAHUL SOLANKI | B11: 30 | C11: 23 | D11: 0 | E11: 0 | F11: 1 | G11: 1 | H11: 0 | I11: 5 | J11: 1 | M11: 31 | N11: 1 | O11: 30 | P11: 9h 6m
A12: RENUKA SONAVANE | B12: 30 | C12: 24 | D12: 0 | E12: 0 | F12: 0 | G12: 0 | H12: 0 | I12: 5 | J12: 1 | M12: 0 | N12: 0 | O12: 0 | P12: 9h 24m
A15: DAILY LOGS: AHMED ADENWALA
A16: Date | B16: Day | C16: Shift | D16: Status | E16: In Time | F16: Out Time | G16: Total Hours | H16: Late In / Early Out
A17: 01-09-2026 | B17: Tue | C17: SFPL-10-7 10:00–19:00 | D17: Present | E17: 10:40 AM | F17: 7:36 PM | G17: 8h 56m | H17: Late In (40m)
A18: 02-09-2026 | B18: Wed | C18: SFPL-10-7 10:00–19:00 | D18: Present | E18: 10:52 AM | F18: 7:58 PM | G18: 9h 6m | H18: Late In (52m)
A19: 03-09-2026 | B19: Thu | C19: SFPL-10-7 10:00–19:00 | D19: Present | E19: 10:36 AM | F19: 7:43 PM | G19: 9h 7m | H19: Late In (36m)
A20: 04-09-2026 | B20: Fri | C20: SFPL-10-7 10:00–19:00 | D20: Holiday | H20: —
A21: 05-09-2026 | B21: Sat | C21: SFPL-10-7 10:00–19:00 | D21: Present | E21: 10:47 AM | F21: 7:38 PM | G21: 8h 51m | H21: Late In (47m)
A22: 06-09-2026 | B22: Sun | C22: SFPL-10-7 10:00–19:00 | D22: Weekly Off | H22: —
A23: 07-09-2026 | B23: Mon | C23: SFPL-10-7 10:00–19:00 | D23: Present | E23: 10:53 AM | F23: 7:59 PM | G23: 9h 6m | H23: Late In (53m)
A24: 08-09-2026 | B24: Tue | C24: SFPL-10-7 10:00–19:00 | D24: Present | E24: 10:46 AM | F24: 7:45 PM | G24: 8h 59m | H24: Late In (46m)
A25: 09-09-2026 | B25: Wed | C25: SFPL-10-7 10:00–19:00 | D25: Present | E25: 10:41 AM | F25: 7:38 PM | G25: 8h 58m | H25: Late In (41m)
A26: 10-09-2026 | B26: Thu | C26: SFPL-10-7 10:00–19:00 | D26: Present | E26: 10:43 AM | F26: 7:59 PM | G26: 9h 16m | H26: Late In (43m)
A27: 11-09-2026 | B27: Fri | C27: SFPL-10-7 10:00–19:00 | D27: Present | E27: 10:43 AM | F27: 7:47 PM | G27: 9h 4m | H27: Late In (43m)
A28: 12-09-2026 | B28: Sat | C28: SFPL-10-7 10:00–19:00 | D28: Weekly Off | H28: —
A29: 13-09-2026 | B29: Sun | C29: SFPL-10-7 10:00–19:00 | D29: Weekly Off | H29: —
A30: 14-09-2026 | B30: Mon | C30: SFPL-10-7 10:00–19:00 | D30: Present | E30: 10:58 AM | F30: 7:28 PM | G30: 8h 30m | H30: Late In (58m)
A31: 15-09-2026 | B31: Tue | C31: SFPL-10-7 10:00–19:00 | D31: Present | E31: 10:48 AM | F31: 7:41 PM | G31: 8h 53m | H31: Late In (48m)
A32: 16-09-2026 | B32: Wed | C32: SFPL-10-7 10:00–19:00 | D32: Present | E32: 10:30 AM | F32: 7:58 PM | G32: 9h 28m | H32: Late In (30m)
A33: 17-09-2026 | B33: Thu | C33: SFPL-10-7 10:00–19:00 | D33: Present | E33: 10:42 AM | F33: 7:50 PM | G33: 9h 9m | H33: Late In (42m)
A34: 18-09-2026 | B34: Fri | C34: SFPL-10-7 10:00–19:00 | D34: Present | E34: 10:55 AM | F34: 8:04 PM | G34: 9h 9m | H34: Late In (55m)
A35: 19-09-2026 | B35: Sat | C35: SFPL-10-7 10:00–19:00 | D35: Present | E35: 10:48 AM | H35: Late In (48m)
A36: 20-09-2026 | B36: Sun | C36: SFPL-10-7 10:00–19:00 | D36: Weekly Off | H36: —
A37: 21-09-2026 | B37: Mon | C37: SFPL-10-7 10:00–19:00 | D37: Present | E37: 10:29 AM | H37: Late In (29m)
A38: 22-09-2026 | B38: Tue | C38: SFPL-10-7 10:00–19:00 | D38: Present | E38: 10:35 AM | F38: 8:08 PM | G38: 9h 32m | H38: Late In (35m)
A39: 23-09-2026 | B39: Wed | C39: SFPL-10-7 10:00–19:00 | D39: Present | E39: 10:45 AM | F39: 7:59 PM | G39: 9h 13m | H39: Late In (45m)
A40: 24-09-2026 | B40: Thu | C40: SFPL-10-7 10:00–19:00 | D40: Present | E40: 10:44 AM | F40: 7:57 PM | G40: 9h 13m | H40: Late In (44m)
A41: 25-09-2026 | B41: Fri | C41: SFPL-10-7 10:00–19:00 | D41: Present | E41: 10:48 AM | F41: 7:52 PM | G41: 9h 4m | H41: Late In (48m)
A42: 26-09-2026 | B42: Sat | C42: SFPL-10-7 10:00–19:00 | D42: Present | E42: 10:51 AM | F42: 7:37 PM | G42: 8h 46m | H42: Late In (51m)
A43: 27-09-2026 | B43: Sun | C43: SFPL-10-7 10:00–19:00 | D43: Weekly Off | H43: —
A44: 28-09-2026 | B44: Mon | C44: SFPL-10-7 10:00–19:00 | D44: Present | E44: 10:38 AM | F44: 7:45 PM | G44: 9h 6m | H44: Late In (38m)
A45: 29-09-2026 | B45: Tue | C45: SFPL-10-7 10:00–19:00 | D45: Half Day (PL) | E45: 1:20 PM | F45: 7:57 PM | G45: 6h 38m | H45: Late In (200m)
A46: 30-09-2026 | B46: Wed | C46: SFPL-10-7 10:00–19:00 | D46: Present | E46: 10:30 AM | F46: 7:57 PM | G46: 9h 27m | H46: Late In (30m)
A47: Total Worked Hours | G47: 197h 29m
A49: DAILY LOGS: ALPESH PARMAR
A50: Date | B50: Day | C50: Shift | D50: Status | E50: In Time | F50: Out Time | G50: Total Hours | H50: Late In / Early Out
A51: 01-09-2026 | B51: Tue | C51: SFPL-10-7 10:00–19:00 | D51: Present | E51: 10:37 AM | F51: 7:19 PM | G51: 8h 43m | H51: Late In (37m)
A52: 02-09-2026 | B52: Wed | C52: SFPL-10-7 10:00–19:00 | D52: Present | E52: 10:25 AM | F52: 7:24 PM | G52: 8h 59m | H52: Late In (25m)
A53: 03-09-2026 | B53: Thu | C53: SFPL-10-7 10:00–19:00 | D53: Present | E53: 10:31 AM | F53: 7:20 PM | G53: 8h 48m | H53: Late In (31m)
A54: 04-09-2026 | B54: Fri | C54: SFPL-10-7 10:00–19:00 | D54: Holiday | H54: —
A55: 05-09-2026 | B55: Sat | C55: SFPL-10-7 10:00–19:00 | D55: Present | E55: 10:23 AM | F55: 7:23 PM | G55: 9h 0m | H55: Late In (23m)
A56: 06-09-2026 | B56: Sun | C56: SFPL-10-7 10:00–19:00 | D56: Weekly Off | H56: —
A57: 07-09-2026 | B57: Mon | C57: SFPL-10-7 10:00–19:00 | D57: Present | E57: 10:29 AM | F57: 7:13 PM | G57: 8h 44m | H57: Late In (29m)
A58: 08-09-2026 | B58: Tue | C58: SFPL-10-7 10:00–19:00 | D58: Present | E58: 10:28 AM | F58: 7:13 PM | G58: 8h 45m | H58: Late In (28m)
A59: 09-09-2026 | B59: Wed | C59: SFPL-10-7 10:00–19:00 | D59: Present | E59: 10:26 AM | F59: 7:26 PM | G59: 9h 0m | H59: Late In (26m)
A60: 10-09-2026 | B60: Thu | C60: SFPL-10-7 10:00–19:00 | D60: PL | H60: —
A61: 11-09-2026 | B61: Fri | C61: SFPL-10-7 10:00–19:00 | D61: Present | E61: 10:31 AM | F61: 7:35 PM | G61: 9h 4m | H61: Late In (31m)
A62: 12-09-2026 | B62: Sat | C62: SFPL-10-7 10:00–19:00 | D62: Weekly Off | H62: —
A63: 13-09-2026 | B63: Sun | C63: SFPL-10-7 10:00–19:00 | D63: Weekly Off | H63: —
A64: 14-09-2026 | B64: Mon | C64: SFPL-10-7 10:00–19:00 | D64: Half Day (PL) | E64: 12:07 PM | F64: 4:37 PM | G64: 4h 30m | H64: Late In (127m), Early Out (142m)
A65: 15-09-2026 | B65: Tue | C65: SFPL-10-7 10:00–19:00 | D65: Present | E65: 10:23 AM | F65: 7:28 PM | G65: 9h 5m | H65: Late In (23m)
A66: 16-09-2026 | B66: Wed | C66: SFPL-10-7 10:00–19:00 | D66: Present | E66: 10:32 AM | F66: 7:32 PM | G66: 9h 0m | H66: Late In (32m)
A67: 17-09-2026 | B67: Thu | C67: SFPL-10-7 10:00–19:00 | D67: Present | E67: 10:39 AM | F67: 7:39 PM | G67: 9h 0m | H67: Late In (39m)
A68: 18-09-2026 | B68: Fri | C68: SFPL-10-7 10:00–19:00 | D68: PL | H68: —
A69: 19-09-2026 | B69: Sat | C69: SFPL-10-7 10:00–19:00 | D69: Present | E69: 10:34 AM | F69: 7:34 PM | G69: 9h 1m | H69: Late In (34m)
A70: 20-09-2026 | B70: Sun | C70: SFPL-10-7 10:00–19:00 | D70: Weekly Off | H70: —
A71: 21-09-2026 | B71: Mon | C71: SFPL-10-7 10:00–19:00 | D71: Present | E71: 10:37 AM | F71: 7:35 PM | G71: 8h 58m | H71: Late In (37m)
A72: 22-09-2026 | B72: Tue | C72: SFPL-10-7 10:00–19:00 | D72: Present | E72: 10:29 AM | F72: 7:26 PM | G72: 8h 57m | H72: Late In (29m)
A73: 23-09-2026 | B73: Wed | C73: SFPL-10-7 10:00–19:00 | D73: Present | E73: 10:33 AM | F73: 7:23 PM | G73: 8h 50m | H73: Late In (33m)
A74: 24-09-2026 | B74: Thu | C74: SFPL-10-7 10:00–19:00 | D74: PL | H74: —
A75: 25-09-2026 | B75: Fri | C75: SFPL-10-7 10:00–19:00 | D75: Half Day (PL) | E75: 10:30 AM | F75: 3:00 PM | G75: 4h 30m | H75: Late In (30m), Early Out (239m)
A76: 26-09-2026 | B76: Sat | C76: SFPL-10-7 10:00–19:00 | D76: Present | E76: 10:31 AM | F76: 7:37 PM | G76: 9h 6m | H76: Late In (31m)
A77: 27-09-2026 | B77: Sun | C77: SFPL-10-7 10:00–19:00 | D77: Weekly Off | H77: —
A78: 28-09-2026 | B78: Mon | C78: SFPL-10-7 10:00–19:00 | D78: Present | E78: 10:32 AM | F78: 7:34 PM | G78: 9h 2m | H78: Late In (32m)
A79: 29-09-2026 | B79: Tue | C79: SFPL-10-7 10:00–19:00 | D79: Present | E79: 10:25 AM | F79: 7:28 PM | G79: 9h 2m | H79: Late In (25m)
A80: 30-09-2026 | B80: Wed | C80: SFPL-10-7 10:00–19:00 | D80: Present | E80: 10:32 AM | F80: 7:34 PM | G80: 9h 2m | H80: Late In (32m)
A81: Total Worked Hours | G81: 179h 6m
A83: DAILY LOGS: AMBILY
A84: Date | B84: Day | C84: Shift | D84: Status | E84: In Time | F84: Out Time | G84: Total Hours | H84: Late In / Early Out
A85: 01-09-2026 | B85: Tue | C85: SFPL-10-7 10:00–19:00 | D85: Present | E85: 10:00 AM | F85: 7:00 PM | G85: 9h 0m | H85: On Time
A86: 02-09-2026 | B86: Wed | C86: SFPL-10-7 10:00–19:00 | D86: Present | E86: 10:00 AM | F86: 7:00 PM | G86: 9h 0m | H86: On Time
A87: 03-09-2026 | B87: Thu | C87: SFPL-10-7 10:00–19:00 | D87: Present | E87: 10:00 AM | F87: 7:00 PM | G87: 9h 0m | H87: On Time
A88: 04-09-2026 | B88: Fri | C88: SFPL-10-7 10:00–19:00 | D88: Holiday | H88: —
A89: 05-09-2026 | B89: Sat | C89: SFPL-10-7 10:00–19:00 | D89: Present | E89: 10:00 AM | F89: 7:00 PM | G89: 9h 0m | H89: On Time
A90: 06-09-2026 | B90: Sun | C90: SFPL-10-7 10:00–19:00 | D90: Weekly Off | H90: —
A91: 07-09-2026 | B91: Mon | C91: SFPL-10-7 10:00–19:00 | D91: Present | E91: 10:00 AM | F91: 7:00 PM | G91: 9h 0m | H91: On Time
A92: 08-09-2026 | B92: Tue | C92: SFPL-10-7 10:00–19:00 | D92: Present | E92: 10:00 AM | F92: 7:00 PM | G92: 9h 0m | H92: On Time
A93: 09-09-2026 | B93: Wed | C93: SFPL-10-7 10:00–19:00 | D93: Present | E93: 10:00 AM | F93: 7:00 PM | G93: 9h 0m | H93: On Time
A94: 10-09-2026 | B94: Thu | C94: SFPL-10-7 10:00–19:00 | D94: Present | E94: 10:00 AM | F94: 7:00 PM | G94: 9h 0m | H94: On Time
A95: 11-09-2026 | B95: Fri | C95: SFPL-10-7 10:00–19:00 | D95: Present | E95: 10:00 AM | F95: 7:00 PM | G95: 9h 0m | H95: On Time
A96: 12-09-2026 | B96: Sat | C96: SFPL-10-7 10:00–19:00 | D96: Weekly Off | H96: —
A97: 13-09-2026 | B97: Sun | C97: SFPL-10-7 10:00–19:00 | D97: Weekly Off | H97: —
A98: 14-09-2026 | B98: Mon | C98: SFPL-10-7 10:00–19:00 | D98: Present | E98: 10:00 AM | F98: 7:00 PM | G98: 9h 0m | H98: On Time
A99: 15-09-2026 | B99: Tue | C99: SFPL-10-7 10:00–19:00 | D99: Present | E99: 10:00 AM | F99: 7:00 PM | G99: 9h 0m | H99: On Time
A100: 16-09-2026 | B100: Wed | C100: SFPL-10-7 10:00–19:00 | D100: Present | E100: 10:00 AM | F100: 7:00 PM | G100: 9h 0m | H100: On Time
A101: 17-09-2026 | B101: Thu | C101: SFPL-10-7 10:00–19:00 | D101: Present | E101: 10:00 AM | F101: 7:00 PM | G101: 9h 0m | H101: On Time
A102: 18-09-2026 | B102: Fri | C102: SFPL-10-7 10:00–19:00 | D102: Present | E102: 10:00 AM | F102: 7:00 PM | G102: 9h 0m | H102: On Time
A103: 19-09-2026 | B103: Sat | C103: SFPL-10-7 10:00–19:00 | D103: Present | E103: 10:00 AM | F103: 7:00 PM | G103: 9h 0m | H103: On Time
A104: 20-09-2026 | B104: Sun | C104: SFPL-10-7 10:00–19:00 | D104: Weekly Off | H104: —
A105: 21-09-2026 | B105: Mon | C105: SFPL-10-7 10:00–19:00 | D105: Present | E105: 10:00 AM | F105: 7:00 PM | G105: 9h 0m | H105: On Time
...

Sheet Novusha Consulting Services Ind
A1: NOVUSHA CONSULTING SERVICES INDIA LLP — ATTENDANCE & LEAVE REGISTER
A2: Period: 01 Sep 2026 to 30 Sep 2026 | Generated on: 16-Oct-2026 14:53 | Staff Count: 13
A4: Employee | B4: Total Working Days | C4: Present | D4: Absent | E4: Half Day PL | F4: Full Day PL | G4: Total PL Taken | H4: LWP Taken | I4: Week Off | J4: Holiday | M4: September Opening Balance | N4: PL Taken | O4: Available Balance | P4: Avg Hours/Day
A5: ANUBHAV SINGH | B5: 29 | C5: 22 | D5: 0 | E5: 0 | F5: 0 | G5: 0 | H5: 1 | I5: 6 | J5: 1 | M5: 17 | N5: 0 | O5: 17 | P5: 9h 6m
A6: ATUL NAGOSE | B6: 30 | C6: 22 | D6: 0 | E6: 0 | F6: 1 | G6: 1 | H6: 0 | I6: 6 | J6: 1 | M6: 20.5 | N6: 1 | O6: 19.5 | P6: 9h 0m
A7: JAGDISH PUROHIT | B7: 30 | C7: 12 | D7: 0 | E7: 0 | F7: 14 | G7: 14 | H7: 0 | I7: 3 | J7: 1 | M7: 14 | N7: 14 | O7: 0 | P7: 8h 48m
A8: KINJAL KHATRI | B8: 30 | C8: 22 | D8: 0 | E8: 0 | F8: 1 | G8: 1 | H8: 0 | I8: 6 | J8: 1 | M8: 17.5 | N8: 1 | O8: 16.5 | P8: 9h 0m
A9: KRUPALI BUSA | B9: 30 | C9: 22 | D9: 0 | E9: 0 | F9: 1 | G9: 1 | H9: 0 | I9: 6 | J9: 1 | M9: 13 | N9: 1 | O9: 12 | P9: 9h 0m
A10: NIRALI SHAH | B10: 0 | C10: 0 | D10: 26 | E10: 0 | F10: 0 | G10: 0 | H10: 4 | I10: 0 | J10: 0 | M10: 0 | N10: 0 | O10: 0 | P10: 0h 0m
A11: PRADEEP KUMAR SINGH | B11: 30 | C11: 23 | D11: 0 | E11: 0 | F11: 0 | G11: 0 | H11: 0 | I11: 6 | J11: 1 | M11: 0 | N11: 0 | O11: 0 | P11: 9h 18m
A12: PUNIT PANDEY | B12: 30 | C12: 23 | D12: 0 | E12: 0 | F12: 1 | G12: 1 | H12: 0 | I12: 5 | J12: 1 | M12: 13 | N12: 1 | O12: 12 | P12: 9h 12m
A13: RAUF DAYMA | B13: 30 | C13: 23 | D13: 0 | E13: 0 | F13: 0 | G13: 0 | H13: 0 | I13: 6 | J13: 1 | M13: 23 | N13: 0 | O13: 23 | P13: 9h 12m
A14: RIYA SAINI | B14: 0 | C14: 0 | D14: 26 | E14: 0 | F14: 0 | G14: 0 | H14: 4 | I14: 0 | J14: 0 | M14: 0 | N14: 0 | O14: 0 | P14: 0h 0m
A15: SAIF ANSARI | B15: 29 | C15: 22 | D15: 0 | E15: 0 | F15: 0 | G15: 0 | H15: 1 | I15: 6 | J15: 1 | M15: 0 | N15: 0 | O15: 0 | P15: 8h 54m
A16: SHIPRA TRIPATHI | B16: 30 | C16: 22 | D16: 0 | E16: 2 | F16: 0 | G16: 1 | H16: 0 | I16: 6 | J16: 1 | M16: 8 | N16: 1 | O16: 7 | P16: 9h 6m
A17: YASH GUPTA | B17: 30 | C17: 19 | D17: 0 | E17: 2 | F17: 3 | G17: 4 | H17: 0 | I17: 6 | J17: 1 | M17: 11 | N17: 4 | O17: 7 | P17: 9h 12m
A20: DAILY LOGS: ANUBHAV SINGH
A21: Date | B21: Day | C21: Shift | D21: Status | E21: In Time | F21: Out Time | G21: Total Hours | H21: Late In / Early Out
A22: 01-09-2026 | B22: Tue | C22: SFPL-10-7 10:00–19:00 | D22: Present | E22: 9:52 AM | F22: 6:53 PM | G22: 9h 1m | H22: On Time
A23: 02-09-2026 | B23: Wed | C23: SFPL-10-7 10:00–19:00 | D23: Present | E23: 9:51 AM | F23: 7:11 PM | G23: 9h 19m | H23: On Time
A24: 03-09-2026 | B24: Thu | C24: SFPL-10-7 10:00–19:00 | D24: Present | E24: 9:54 AM | F24: 7:03 PM | G24: 9h 9m | H24: On Time
A25: 04-09-2026 | B25: Fri | C25: SFPL-10-7 10:00–19:00 | D25: Holiday | H25: —
A26: 05-09-2026 | B26: Sat | C26: SFPL-10-7 10:00–19:00 | D26: Present | E26: 9:54 AM | F26: 6:55 PM | G26: 9h 1m | H26: On Time
A27: 06-09-2026 | B27: Sun | C27: SFPL-10-7 10:00–19:00 | D27: Weekly Off | H27: —
A28: 07-09-2026 | B28: Mon | C28: SFPL-10-7 10:00–19:00 | D28: Present | E28: 9:52 AM | F28: 7:03 PM | G28: 9h 11m | H28: On Time
A29: 08-09-2026 | B29: Tue | C29: SFPL-10-7 10:00–19:00 | D29: Present | E29: 9:58 AM | F29: 7:00 PM | G29: 9h 2m | H29: On Time
A30: 09-09-2026 | B30: Wed | C30: SFPL-10-7 10:00–19:00 | D30: Present | E30: 9:35 AM | F30: 6:48 PM | G30: 9h 12m | H30: On Time
A31: 10-09-2026 | B31: Thu | C31: SFPL-10-7 10:00–19:00 | D31: Present | E31: 9:39 AM | F31: 6:48 PM | G31: 9h 9m | H31: On Time
A32: 11-09-2026 | B32: Fri | C32: SFPL-10-7 10:00–19:00 | D32: Present | E32: 9:46 AM | F32: 6:47 PM | G32: 9h 1m | H32: On Time
A33: 12-09-2026 | B33: Sat | C33: SFPL-10-7 10:00–19:00 | D33: Weekly Off | H33: —
A34: 13-09-2026 | B34: Sun | C34: SFPL-10-7 10:00–19:00 | D34: Weekly Off | H34: —
A35: 14-09-2026 | B35: Mon | C35: SFPL-10-7 10:00–19:00 | D35: Present | E35: 10:30 AM | F35: 7:48 PM | G35: 9h 17m | H35: Late In (30m)
A36: 15-09-2026 | B36: Tue | C36: SFPL-10-7 10:00–19:00 | D36: Present | E36: 9:46 AM | F36: 6:57 PM | G36: 9h 12m | H36: On Time
A37: 16-09-2026 | B37: Wed | C37: SFPL-10-7 10:00–19:00 | D37: Present | E37: 10:01 AM | F37: 7:58 PM | G37: 9h 57m | H37: On Time
A38: 17-09-2026 | B38: Thu | C38: SFPL-10-7 10:00–19:00 | D38: Present | E38: 10:00 AM | F38: 7:02 PM | G38: 9h 2m | H38: On Time
A39: 18-09-2026 | B39: Fri | C39: SFPL-10-7 10:00–19:00 | D39: LWP | H39: —
A40: 19-09-2026 | B40: Sat | C40: SFPL-10-7 10:00–19:00 | D40: Present | E40: 9:45 AM | F40: 6:54 PM | G40: 9h 9m | H40: On Time
A41: 20-09-2026 | B41: Sun | C41: SFPL-10-7 10:00–19:00 | D41: Weekly Off | H41: —
A42: 21-09-2026 | B42: Mon | C42: SFPL-10-7 10:00–19:00 | D42: Present | E42: 9:44 AM | F42: 6:46 PM | G42: 9h 3m | H42: On Time
A43: 22-09-2026 | B43: Tue | C43: SFPL-10-7 10:00–19:00 | D43: Present | E43: 9:37 AM | F43: 6:38 PM | G43: 9h 0m | H43: Early Out (21m)
A44: 23-09-2026 | B44: Wed | C44: SFPL-10-7 10:00–19:00 | D44: Present | E44: 9:48 AM | F44: 6:51 PM | G44: 9h 3m | H44: On Time
A45: 24-09-2026 | B45: Thu | C45: SFPL-10-7 10:00–19:00 | D45: Present | E45: 9:44 AM | F45: 7:00 PM | G45: 9h 16m | H45: On Time
A46: 25-09-2026 | B46: Fri | C46: SFPL-10-7 10:00–19:00 | D46: Present | E46: 9:45 AM | F46: 6:46 PM | G46: 9h 2m | H46: On Time
A47: 26-09-2026 | B47: Sat | C47: SFPL-10-7 10:00–19:00 | D47: Weekly Off | H47: —
A48: 27-09-2026 | B48: Sun | C48: SFPL-10-7 10:00–19:00 | D48: Weekly Off | H48: —
A49: 28-09-2026 | B49: Mon | C49: SFPL-10-7 10:00–19:00 | D49: Present | E49: 9:53 AM | F49: 6:54 PM | G49: 9h 0m | H49: On Time
A50: 29-09-2026 | B50: Tue | C50: SFPL-10-7 10:00–19:00 | D50: Present | E50: 9:47 AM | F50: 6:51 PM | G50: 9h 4m | H50: On Time
A51: 30-09-2026 | B51: Wed | C51: SFPL-10-7 10:00–19:00 | D51: Present | E51: 9:48 AM | F51: 6:50 PM | G51: 9h 3m | H51: On Time
A52: Total Worked Hours | G52: 201h 13m
A54: DAILY LOGS: ATUL NAGOSE
A55: Date | B55: Day | C55: Shift | D55: Status | E55: In Time | F55: Out Time | G55: Total Hours | H55: Late In / Early Out
A56: 01-09-2026 | B56: Tue | C56: SFPL-10-7 10:00–19:00 | D56: Present | E56: 12:10 PM | F56: 8:46 PM | G56: 8h 36m | H56: Late In (130m)
A57: 02-09-2026 | B57: Wed | C57: SFPL-10-7 10:00–19:00 | D57: Present | E57: 11:37 AM | F57: 8:39 PM | G57: 9h 2m | H57: Late In (97m)
A58: 03-09-2026 | B58: Thu | C58: SFPL-10-7 10:00–19:00 | D58: PL | H58: —
A59: 04-09-2026 | B59: Fri | C59: SFPL-10-7 10:00–19:00 | D59: Holiday | H59: —
A60: 05-09-2026 | B60: Sat | C60: SFPL-10-7 10:00–19:00 | D60: Present | H60: —
A61: 06-09-2026 | B61: Sun | C61: SFPL-10-7 10:00–19:00 | D61: Weekly Off | H61: —
A62: 07-09-2026 | B62: Mon | C62: SFPL-10-7 10:00–19:00 | D62: Present | E62: 11:56 AM | F62: 8:35 PM | G62: 8h 39m | H62: Late In (116m)
A63: 08-09-2026 | B63: Tue | C63: SFPL-10-7 10:00–19:00 | D63: Present | E63: 11:50 AM | F63: 8:40 PM | G63: 8h 50m | H63: Late In (110m)
A64: 09-09-2026 | B64: Wed | C64: SFPL-10-7 10:00–19:00 | D64: Present | E64: 12:03 PM | F64: 8:42 PM | G64: 8h 39m | H64: Late In (123m)
A65: 10-09-2026 | B65: Thu | C65: SFPL-10-7 10:00–19:00 | D65: Present | E65: 11:07 AM | F65: 8:41 PM | G65: 9h 34m | H65: Late In (67m)
A66: 11-09-2026 | B66: Fri | C66: SFPL-10-7 10:00–19:00 | D66: Present | E66: 12:01 PM | F66: 8:36 PM | G66: 8h 35m | H66: Late In (121m)
A67: 12-09-2026 | B67: Sat | C67: SFPL-10-7 10:00–19:00 | D67: Weekly Off | H67: —
A68: 13-09-2026 | B68: Sun | C68: SFPL-10-7 10:00–19:00 | D68: Weekly Off | H68: —
A69: 14-09-2026 | B69: Mon | C69: SFPL-10-7 10:00–19:00 | D69: Present | E69: 11:32 AM | F69: 8:16 PM | G69: 8h 44m | H69: Late In (92m)
A70: 15-09-2026 | B70: Tue | C70: SFPL-10-7 10:00–19:00 | D70: Present | E70: 10:28 AM | F70: 7:16 PM | G70: 8h 48m | H70: Late In (28m)
A71: 16-09-2026 | B71: Wed | C71: SFPL-10-7 10:00–19:00 | D71: Present | E71: 10:01 AM | F71: 7:17 PM | G71: 9h 16m | H71: On Time
A72: 17-09-2026 | B72: Thu | C72: SFPL-10-7 10:00–19:00 | D72: Present | E72: 10:48 AM | F72: 8:17 PM | G72: 9h 29m | H72: Late In (48m)
A73: 18-09-2026 | B73: Fri | C73: SFPL-10-7 10:00–19:00 | D73: Present | E73: 11:04 AM | F73: 8:17 PM | G73: 9h 13m | H73: Late In (64m)
A74: 19-09-2026 | B74: Sat | C74: SFPL-10-7 10:00–19:00 | D74: Present | E74: 11:41 AM | F74: 9:17 PM | G74: 9h 36m | H74: Late In (101m)
A75: 20-09-2026 | B75: Sun | C75: SFPL-10-7 10:00–19:00 | D75: Weekly Off | H75: —
A76: 21-09-2026 | B76: Mon | C76: SFPL-10-7 10:00–19:00 | D76: Present | E76: 11:09 AM | F76: 8:40 PM | G76: 9h 31m | H76: Late In (69m)
A77: 22-09-2026 | B77: Tue | C77: SFPL-10-7 10:00–19:00 | D77: Present | E77: 11:16 AM | F77: 8:35 PM | G77: 9h 19m | H77: Late In (76m)
A78: 23-09-2026 | B78: Wed | C78: SFPL-10-7 10:00–19:00 | D78: Present | E78: 12:09 PM | F78: 8:43 PM | G78: 8h 34m | H78: Late In (129m)
A79: 24-09-2026 | B79: Thu | C79: SFPL-10-7 10:00–19:00 | D79: Present | E79: 12:03 PM | F79: 8:39 PM | G79: 8h 36m | H79: Late In (123m)
A80: 25-09-2026 | B80: Fri | C80: SFPL-10-7 10:00–19:00 | D80: Present | E80: 12:00 PM | F80: 8:45 PM | G80: 8h 45m | H80: Late In (120m)
A81: 26-09-2026 | B81: Sat | C81: SFPL-10-7 10:00–19:00 | D81: Weekly Off | H81: —
A82: 27-09-2026 | B82: Sun | C82: SFPL-10-7 10:00–19:00 | D82: Weekly Off | H82: —
A83: 28-09-2026 | B83: Mon | C83: SFPL-10-7 10:00–19:00 | D83: Present | E83: 12:02 PM | F83: 8:35 PM | G83: 8h 33m | H83: Late In (122m)
A84: 29-09-2026 | B84: Tue | C84: SFPL-10-7 10:00–19:00 | D84: Present | E84: 12:08 PM | F84: 8:40 PM | G84: 8h 32m | H84: Late In (128m)
A85: 30-09-2026 | B85: Wed | C85: SFPL-10-7 10:00–19:00 | D85: Present | E85: 11:57 AM | F85: 9:03 PM | G85: 9h 6m | H85: Late In (117m)
A86: Total Worked Hours | G86: 187h 57m
A88: DAILY LOGS: JAGDISH PUROHIT
A89: Date | B89: Day | C89: Shift | D89: Status | E89: In Time | F89: Out Time | G89: Total Hours | H89: Late In / Early Out
A90: 01-09-2026 | B90: Tue | C90: SFPL-10-7 10:00–19:00 | D90: Present | E90: 9:52 AM | F90: 6:58 PM | G90: 9h 6m | H90: On Time
A91: 02-09-2026 | B91: Wed | C91: SFPL-10-7 10:00–19:00 | D91: Present | E91: 9:50 AM | F91: 6:31 PM | G91: 8h 40m | H91: Early Out (28m)
A92: 03-09-2026 | B92: Thu | C92: SFPL-10-7 10:00–19:00 | D92: Present | E92: 10:01 AM | F92: 7:03 PM | G92: 9h 1m | H92: On Time
A93: 04-09-2026 | B93: Fri | C93: SFPL-10-7 10:00–19:00 | D93: Holiday | H93: —
A94: 05-09-2026 | B94: Sat | C94: SFPL-10-7 10:00–19:00 | D94: PL | H94: —
A95: 06-09-2026 | B95: Sun | C95: SFPL-10-7 10:00–19:00 | D95: Weekly Off | H95: —
A96: 07-09-2026 | B96: Mon | C96: SFPL-10-7 10:00–19:00 | D96: Present | E96: 11:07 AM | F96: 7:41 PM | G96: 8h 33m | H96: Late In (67m)
A97: 08-09-2026 | B97: Tue | C97: SFPL-10-7 10:00–19:00 | D97: Present | E97: 10:00 AM | F97: 6:47 PM | G97: 8h 48m | H97: On Time
A98: 09-09-2026 | B98: Wed | C98: SFPL-10-7 10:00–19:00 | D98: PL | H98: —
A99: 10-09-2026 | B99: Thu | C99: SFPL-10-7 10:00–19:00 | D99: PL | H99: —
A100: 11-09-2026 | B100: Fri | C100: SFPL-10-7 10:00–19:00 | D100: PL | H100: —
A101: 12-09-2026 | B101: Sat | C101: SFPL-10-7 10:00–19:00 | D101: PL | H101: —
A102: 13-09-2026 | B102: Sun | C102: SFPL-10-7 10:00–19:00 | D102: PL | H102: —
A103: 14-09-2026 | B103: Mon | C103: SFPL-10-7 10:00–19:00 | D103: PL | H103: —
A104: 15-09-2026 | B104: Tue | C104: SFPL-10-7 10:00–19:00 | D104: PL | H104: —
A105: 16-09-2026 | B105: Wed | C105: SFPL-10-7 10:00–19:00 | D105: PL | H105: —
...

Sheet Paramount Propack Private Limit
A1: PARAMOUNT PROPACK PRIVATE LIMITED — ATTENDANCE & LEAVE REGISTER
A2: Period: 01 Sep 2026 to 30 Sep 2026 | Generated on: 16-Oct-2026 14:53 | Staff Count: 2
A4: Employee | B4: Total Working Days | C4: Present | D4: Absent | E4: Half Day PL | F4: Full Day PL | G4: Total PL Taken | H4: LWP Taken | I4: Week Off | J4: Holiday | M4: September Opening Balance | N4: PL Taken | O4: Available Balance | P4: Avg Hours/Day
A5: KRISHNAPAL PUVAR | B5: 0 | C5: 0 | D5: 24 | E5: 0 | F5: 0 | G5: 0 | H5: 6 | I5: 0 | J5: 0 | M5: 18.5 | N5: 0 | O5: 18.5 | P5: 0h 0m
A6: PRATIK SAKRECHA | B6: 30 | C6: 23 | D6: 0 | E6: 0 | F6: 1 | G6: 1 | H6: 0 | I6: 5 | J6: 1 | M6: 18 | N6: 1 | O6: 17 | P6: 9h 12m
A9: DAILY LOGS: KRISHNAPAL PUVAR
A10: Date | B10: Day | C10: Shift | D10: Status | E10: In Time | F10: Out Time | G10: Total Hours | H10: Late In / Early Out
A11: 01-09-2026 | B11: Tue | C11: SFPL-10-7 10:00–19:00 | D11: Absent | H11: —
A12: 02-09-2026 | B12: Wed | C12: SFPL-10-7 10:00–19:00 | D12: Absent | H12: —
A13: 03-09-2026 | B13: Thu | C13: SFPL-10-7 10:00–19:00 | D13: Absent | H13: —
A14: 04-09-2026 | B14: Fri | C14: SFPL-10-7 10:00–19:00 | D14: LWP | H14: —
A15: 05-09-2026 | B15: Sat | C15: SFPL-10-7 10:00–19:00 | D15: Absent | H15: —
A16: 06-09-2026 | B16: Sun | C16: SFPL-10-7 10:00–19:00 | D16: LWP | H16: —
A17: 07-09-2026 | B17: Mon | C17: SFPL-10-7 10:00–19:00 | D17: Absent | H17: —
A18: 08-09-2026 | B18: Tue | C18: SFPL-10-7 10:00–19:00 | D18: Absent | H18: —
A19: 09-09-2026 | B19: Wed | C19: SFPL-10-7 10:00–19:00 | D19: Absent | H19: —
A20: 10-09-2026 | B20: Thu | C20: SFPL-10-7 10:00–19:00 | D20: Absent | H20: —
A21: 11-09-2026 | B21: Fri | C21: SFPL-10-7 10:00–19:00 | D21: Absent | H21: —
A22: 12-09-2026 | B22: Sat | C22: SFPL-10-7 10:00–19:00 | D22: LWP | H22: —
... A40: 30-09-2026 | B40: Wed | C40: SFPL-10-7 10:00–19:00 | D40: Absent | H40: —
A41: Total Worked Hours | G41: 0h 0m
A43: DAILY LOGS: PRATIK SAKRECHA
A44: Date | B44: Day | C44: Shift | D44: Status | E44: In Time | F44: Out Time | G44: Total Hours | H44: Late In / Early Out
A45: 01-09-2026 | B45: Tue | C45: SFPL-10-7 10:00–19:00 | D45: Present | E45: 9:14 AM | F45: 6:33 PM | G45: 9h 20m | H45: Early Out (26m)
A46: 02-09-2026 | B46: Wed | C46: SFPL-10-7 10:00–19:00 | D46: Present | E46: 9:35 AM | F46: 7:04 PM | G46: 9h 29m | H46: On Time
A47: 03-09-2026 | B47: Thu | C47: SFPL-10-7 10:00–19:00 | D47: Present | E47: 9:04 AM | F47: 6:39 PM | G47: 9h 34m | H47: Early Out (20m)
A48: 04-09-2026 | B48: Fri | C48: SFPL-10-7 10:00–19:00 | D48: Holiday | H48: —
A49: 05-09-2026 | B49: Sat | C49: SFPL-10-7 10:00–19:00 | D49: Present | E49: 9:06 AM | F49: 5:59 PM | G49: 8h 52m | H49: Early Out (60m)
A50: 06-09-2026 | B50: Sun | C50: SFPL-10-7 10:00–19:00 | D50: Weekly Off | H50: —
A51: 07-09-2026 | B51: Mon | C51: SFPL-10-7 10:00–19:00 | D51: Present | E51: 9:09 AM | F51: 6:23 PM | G51: 9h 14m | H51: Early Out (36m)
A52: 08-09-2026 | B52: Tue | C52: SFPL-10-7 10:00–19:00 | D52: Present | E52: 9:15 AM | F52: 6:32 PM | G52: 9h 17m | H52: Early Out (27m)
A53: 09-09-2026 | B53: Wed | C53: SFPL-10-7 10:00–19:00 | D53: Present | E53: 9:03 AM | F53: 6:28 PM | G53: 9h 25m | H53: Early Out (31m)
A54: 10-09-2026 | B54: Thu | C54: SFPL-10-7 10:00–19:00 | D54: Present | E54: 9:10 AM | F54: 6:10 PM | G54: 9h 0m | H54: Early Out (49m)
A55: 11-09-2026 | B55: Fri | C55: SFPL-10-7 10:00–19:00 | D55: Present | E55: 9:18 AM | F55: 6:11 PM | G55: 8h 53m | H55: Early Out (48m)
A56: 12-09-2026 | B56: Sat | C56: SFPL-10-7 10:00–19:00 | D56: Weekly Off | H56: —
A57: 13-09-2026 | B57: Sun | C57: SFPL-10-7 10:00–19:00 | D57: Weekly Off | H57: —
A58: 14-09-2026 | B58: Mon | C58: SFPL-10-7 10:00–19:00 | D58: Present | E58: 9:21 AM | F58: 6:19 PM | G58: 8h 58m | H58: Early Out (40m)
A59: 15-09-2026 | B59: Tue | C59: SFPL-10-7 10:00–19:00 | D59: Present | E59: 9:20 AM | F59: 6:21 PM | G59: 9h 1m | H59: Early Out (39m)
A60: 16-09-2026 | B60: Wed | C60: SFPL-10-7 10:00–19:00 | D60: Present | E60: 9:28 AM | F60: 6:21 PM | G60: 8h 53m | H60: Early Out (38m)
A61: 17-09-2026 | B61: Thu | C61: SFPL-10-7 10:00–19:00 | D61: Present | E61: 9:21 AM | F61: 6:46 PM | G61: 9h 25m | H61: On Time
A62: 18-09-2026 | B62: Fri | C62: SFPL-10-7 10:00–19:00 | D62: Present | E62: 9:43 AM | F62: 6:55 PM | G62: 9h 12m | H62: On Time
A63: 19-09-2026 | B63: Sat | C63: SFPL-10-7 10:00–19:00 | D63: Present | E63: 9:10 AM | F63: 6:10 PM | G63: 9h 0m | H63: Early Out (50m)
A64: 20-09-2026 | B64: Sun | C64: SFPL-10-7 10:00–19:00 | D64: Weekly Off | H64: —
A65: 21-09-2026 | B65: Mon | C65: SFPL-10-7 10:00–19:00 | D65: Present | E65: 9:11 AM | F65: 6:18 PM | G65: 9h 7m | H65: Early Out (41m)
A66: 22-09-2026 | B66: Tue | C66: SFPL-10-7 10:00–19:00 | D66: Present | E66: 9:16 AM | F66: 5:55 PM | G66: 8h 39m | H66: Early Out (64m)
A67: 23-09-2026 | B67: Wed | C67: SFPL-10-7 10:00–19:00 | D67: Present | E67: 9:17 AM | F67: 6:23 PM | G67: 9h 6m | H67: Early Out (36m)
A68: 24-09-2026 | B68: Thu | C68: SFPL-10-7 10:00–19:00 | D68: Present | E68: 9:14 AM | F68: 6:22 PM | G68: 9h 8m | H68: Early Out (37m)
A69: 25-09-2026 | B69: Fri | C69: SFPL-10-7 10:00–19:00 | D69: Present | E69: 9:20 AM | F69: 6:22 PM | G69: 9h 2m | H69: Early Out (37m)
A70: 26-09-2026 | B70: Sat | C70: SFPL-10-7 10:00–19:00 | D70: PL | H70: —
A71: 27-09-2026 | B71: Sun | C71: SFPL-10-7 10:00–19:00 | D71: Weekly Off | H71: —
A72: 28-09-2026 | B72: Mon | C72: SFPL-10-7 10:00–19:00 | D72: Present | E72: 9:05 AM | F72: 6:46 PM | G72: 9h 40m | H72: On Time
A73: 29-09-2026 | B73: Tue | C73: SFPL-10-7 10:00–19:00 | D73: Present | E73: 9:15 AM | F73: 6:53 PM | G73: 9h 38m | H73: On Time
A74: 30-09-2026 | B74: Wed | C74: SFPL-10-7 10:00–19:00 | D74: Present | E74: 9:18 AM | F74: 6:31 PM | G74: 9h 13m | H74: Early Out (28m)
A75: Total Worked Hours | G75: 211h 10m

Sheet Sansar Tradelink
A1: SANSAR TRADELINK — ATTENDANCE & LEAVE REGISTER
A2: Period: 01 Sep 2026 to 30 Sep 2026 | Generated on: 16-Oct-2026 14:53 | Staff Count: 11
A4: Employee | B4: Total Working Days | C4: Present | D4: Absent | E4: Half Day PL | F4: Full Day PL | G4: Total PL Taken | H4: LWP Taken | I4: Week Off | J4: Holiday | M4: September Opening Balance | N4: PL Taken | O4: Available Balance | P4: Avg Hours/Day
A5: AKASH PARMAR | B5: 30 | C5: 22 | D5: 0 | E5: 0 | F5: 2 | G5: 2 | H5: 0 | I5: 5 | J5: 1 | M5: 20.5 | N5: 2 | O5: 18.5 | P5: 9h 6m
A6: BHOOMI MISTRY | B6: 30 | C6: 22.5 | D6: 0 | E6: 1 | F6: 1 | G6: 1.5 | H6: 0 | I6: 5 | J6: 1 | M6: 21 | N6: 1.5 | O6: 19.5 | P6: 9h 6m
A7: DEEPIKA MAKWANA | B7: 30 | C7: 19.5 | D7: 0 | E7: 1 | F7: 5 | G7: 5.5 | H7: 0 | I7: 5 | J7: 0 | M7: 18.5 | N7: 5.5 | O7: 13 | P7: 8h 54m
A8: DIXITA SEVRA | B8: 30 | C8: 20 | D8: 0 | E8: 0 | F8: 6 | G8: 6 | H8: 0 | I8: 4 | J8: 0 | M8: 13.5 | N8: 6 | O8: 7.5 | P8: 9h 0m
A9: HIMANSHU SINGH | B9: 29.5 | C9: 23.5 | D9: 0.5 | E9: 0 | F9: 0 | G9: 0 | H9: 0 | I9: 5 | J9: 1 | M9: 24.5 | N9: 0 | O9: 24.5 | P9: 9h 24m
A10: JAY KACHA | B10: 30 | C10: 23 | D10: 0 | E10: 0 | F10: 2 | G10: 2 | H10: 0 | I10: 5 | J10: 0 | M10: 14.5 | N10: 2 | O10: 12.5 | P10: 9h 6m
A11: JEEVAN DRAVID | B11: 30 | C11: 22 | D11: 0 | E11: 0 | F11: 2 | G11: 2 | H11: 0 | I11: 5 | J11: 1 | M11: 16 | N11: 2 | O11: 14 | P11: 9h 18m
A12: JIMMY MAKWANA | B12: 29 | C12: 23 | D12: 0 | E12: 0 | F12: 0 | G12: 0 | H12: 1 | I12: 5 | J12: 1 | M12: 0 | N12: 0 | O12: 0 | P12: 9h 42m
A13: MANOJ ADIDRAVID | B13: 29 | C13: 23 | D13: 0 | E13: 0 | F13: 0 | G13: 0 | H13: 1 | I13: 5 | J13: 1 | M13: 10 | N13: 0 | O13: 10 | P13: 8h 48m
A14: PARTH SOLANKI | B14: 30 | C14: 24 | D14: 0 | E14: 0 | F14: 1 | G14: 1 | H14: 0 | I14: 4 | J14: 1 | M14: 40.5 | N14: 1 | O14: 39.5 | P14: 9h 12m
A15: SRUTHI NAIR | B15: 30 | C15: 20 | D15: 0 | E15: 0 | F15: 4 | G15: 4 | H15: 0 | I15: 5 | J15: 1 | M15: 19.5 | N15: 4 | O15: 15.5 | P15: 8h 54m
A18: DAILY LOGS: AKASH PARMAR
A19: Date | B19: Day | C19: Shift | D19: Status | E19: In Time | F19: Out Time | G19: Total Hours | H19: Late In / Early Out
A20: 01-09-2026 | B20: Tue | C20: SFPL-10-7 10:00–19:00 | D20: Present | E20: 8:29 AM | F20: 5:33 PM | G20: 9h 5m | H20: Early Out (86m)
A21: 02-09-2026 | B21: Wed | C21: SFPL-10-7 10:00–19:00 | D21: Present | E21: 8:27 AM | F21: 5:34 PM | G21: 9h 8m | H21: Early Out (85m)
A22: 03-09-2026 | B22: Thu | C22: SFPL-10-7 10:00–19:00 | D22: Present | E22: 8:30 AM | F22: 5:25 PM | G22: 8h 54m | H22: Early Out (94m)
A23: 04-09-2026 | B23: Fri | C23: SFPL-10-7 10:00–19:00 | D23: Holiday | H23: —
A24: 05-09-2026 | B24: Sat | C24: SFPL-10-7 10:00–19:00 | D24: PL | H24: —
A25: 06-09-2026 | B25: Sun | C25: SFPL-10-7 10:00–19:00 | D25: Weekly Off | H25: —
A26: 07-09-2026 | B26: Mon | C26: SFPL-10-7 10:00–19:00 | D26: Present | E26: 8:28 AM | F26: 5:33 PM | G26: 9h 5m | H26: Early Out (86m)
A27: 08-09-2026 | B27: Tue | C27: SFPL-10-7 10:00–19:00 | D27: Present | E27: 8:31 AM | F27: 5:37 PM | G27: 9h 7m | H27: Early Out (82m)
A28: 09-09-2026 | B28: Wed | C28: SFPL-10-7 10:00–19:00 | D28: Present | E28: 8:29 AM | F28: 5:31 PM | G28: 9h 2m | H28: Early Out (88m)
A29: 10-09-2026 | B29: Thu | C29: SFPL-10-7 10:00–19:00 | D29: Present | E29: 8:34 AM | F29: 5:35 PM | G29: 9h 1m | H29: Early Out (84m)
A30: 11-09-2026 | B30: Fri | C30: SFPL-10-7 10:00–19:00 | D30: Present | E30: 8:31 AM | F30: 5:31 PM | G30: 9h 0m | H30: Early Out (88m)
A31: 12-09-2026 | B31: Sat | C31: SFPL-10-7 10:00–19:00 | D31: Weekly Off | H31: —
A32: 13-09-2026 | B32: Sun | C32: SFPL-10-7 10:00–19:00 | D32: Weekly Off | H32: —
A33: 14-09-2026 | B33: Mon | C33: SFPL-10-7 10:00–19:00 | D33: Present | E33: 8:29 AM | F33: 6:28 PM | G33: 9h 59m | H33: Early Out (31m)
A34: 15-09-2026 | B34: Tue | C34: SFPL-10-7 10:00–19:00 | D34: Present | E34: 8:31 AM | F34: 5:50 PM | G34: 9h 20m | H34: Early Out (69m)
A35: 16-09-2026 | B35: Wed | C35: SFPL-10-7 10:00–19:00 | D35: Present | E35: 8:31 AM | F35: 5:33 PM | G35: 9h 3m | H35: Early Out (86m)
A36: 17-09-2026 | B36: Thu | C36: SFPL-10-7 10:00–19:00 | D36: Present | E36: 8:31 AM | F36: 6:42 PM | G36: 10h 11m | H36: Early Out (17m)
A37: 18-09-2026 | B37: Fri | C37: SFPL-10-7 10:00–19:00 | D37: Present | E37: 8:28 AM | F37: 5:35 PM | G37: 9h 6m | H37: Early Out (84m)
A38: 19-09-2026 | B38: Sat | C38: SFPL-10-7 10:00–19:00 | D38: Present | E38: 8:28 AM | F38: 4:07 PM | G38: 7h 39m | H38: Early Out (173m)
A39: 20-09-2026 | B39: Sun | C39: SFPL-10-7 10:00–19:00 | D39: Weekly Off | H39: —
A40: 21-09-2026 | B40: Mon | C40: SFPL-10-7 10:00–19:00 | D40: Present | E40: 8:31 AM | F40: 5:34 PM | G40: 9h 3m | H40: Early Out (85m)
A41: 22-09-2026 | B41: Tue | C41: SFPL-10-7 10:00–19:00 | D41: Present | E41: 8:29 AM | F41: 5:36 PM | G41: 9h 7m | H41: Early Out (83m)
A42: 23-09-2026 | B42: Wed | C42: SFPL-10-7 10:00–19:00 | D42: Present | E42: 8:29 AM | F42: 5:30 PM | G42: 9h 0m | H42: Early Out (89m)
A43: 24-09-2026 | B43: Thu | C43: SFPL-10-7 10:00–19:00 | D43: Present | E43: 8:29 AM | F43: 5:33 PM | G43: 9h 4m | H43: Early Out (86m)
A44: 25-09-2026 | B44: Fri | C44: SFPL-10-7 10:00–19:00 | D44: PL | H44: —
A45: 26-09-2026 | B45: Sat | C45: SFPL-10-7 10:00–19:00 | D45: Present | E45: 8:34 AM | F45: 6:02 PM | G45: 9h 28m | H45: Early Out (57m)
A46: 27-09-2026 | B46: Sun | C46: SFPL-10-7 10:00–19:00 | D46: Weekly Off | H46: —
A47: 28-09-2026 | B47: Mon | C47: SFPL-10-7 10:00–19:00 | D47: Present | E47: 8:25 AM | F47: 5:24 PM | G47: 8h 59m | H47: Early Out (95m)
A48: 29-09-2026 | B48: Tue | C48: SFPL-10-7 10:00–19:00 | D48: Present | E48: 8:24 AM | F48: 5:25 PM | G48: 9h 1m | H48: Early Out (94m)
A49: 30-09-2026 | B49: Wed | C49: SFPL-10-7 10:00–19:00 | D49: Present | E49: 8:27 AM | F49: 5:27 PM | G49: 8h 59m | H49: Early Out (92m)
A50: Total Worked Hours | G50: 200h 22m
A52: DAILY LOGS: BHOOMI MISTRY
A53: Date | B53: Day | C53: Shift | D53: Status | E53: In Time | F53: Out Time | G53: Total Hours | H53: Late In / Early Out
A54: 01-09-2026 | B54: Tue | C54: SFPL-10-7 10:00–19:00 | D54: Present | E54: 10:24 AM | F54: 7:04 PM | G54: 8h 40m | H54: Late In (24m)
A55: 02-09-2026 | B55: Wed | C55: SFPL-10-7 10:00–19:00 | D55: Present | E55: 10:02 AM | F55: 7:09 PM | G55: 9h 7m | H55: On Time
A56: 03-09-2026 | B56: Thu | C56: SFPL-10-7 10:00–19:00 | D56: Present | E56: 10:16 AM | F56: 7:18 PM | G56: 9h 2m | H56: Late In (16m)
A57: 04-09-2026 | B57: Fri | C57: SFPL-10-7 10:00–19:00 | D57: Holiday | H57: —
A58: 05-09-2026 | B58: Sat | C58: SFPL-10-7 10:00–19:00 | D58: Present | E58: 10:03 AM | F58: 7:13 PM | G58: 9h 10m | H58: On Time
A59: 06-09-2026 | B59: Sun | C59: SFPL-10-7 10:00–19:00 | D59: Weekly Off | H59: —
A60: 07-09-2026 | B60: Mon | C60: SFPL-10-7 10:00–19:00 | D60: Present | E60: 9:50 AM | F60: 7:03 PM | G60: 9h 13m | H60: On Time
A61: 08-09-2026 | B61: Tue | C61: SFPL-10-7 10:00–19:00 | D61: Present | E61: 10:05 AM | F61: 7:10 PM | G61: 9h 5m | H61: On Time
A62: 09-09-2026 | B62: Wed | C62: SFPL-10-7 10:00–19:00 | D62: Present | E62: 10:12 AM | F62: 7:12 PM | G62: 9h 1m | H62: On Time
A63: 10-09-2026 | B63: Thu | C63: SFPL-10-7 10:00–19:00 | D63: Present | E63: 9:41 AM | F63: 7:16 PM | G63: 9h 35m | H63: On Time
A64: 11-09-2026 | B64: Fri | C64: SFPL-10-7 10:00–19:00 | D64: Present | E64: 10:17 AM | F64: 7:15 PM | G64: 8h 58m | H64: Late In (17m)
A65: 12-09-2026 | B65: Sat | C65: SFPL-10-7 10:00–19:00 | D65: Weekly Off | H65: —
A66: 13-09-2026 | B66: Sun | C66: SFPL-10-7 10:00–19:00 | D66: Weekly Off | H66: —
A67: 14-09-2026 | B67: Mon | C67: SFPL-10-7 10:00–19:00 | D67: PL | H67: —
A68: 15-09-2026 | B68: Tue | C68: SFPL-10-7 10:00–19:00 | D68: Present | E68: 9:55 AM | F68: 7:12 PM | G68: 9h 17m | H68: On Time
A69: 16-09-2026 | B69: Wed | C69: SFPL-10-7 10:00–19:00 | D69: Present | E69: 10:03 AM | F69: 7:06 PM | G69: 9h 3m | H69: On Time
A70: 17-09-2026 | B70: Thu | C70: SFPL-10-7 10:00–19:00 | D70: Present | E70: 10:12 AM | F70: 7:04 PM | G70: 8h 52m | H70: On Time
A71: 18-09-2026 | B71: Fri | C71: SFPL-10-7 10:00–19:00 | D71: Half Day (PL) | H71: —
A72: 19-09-2026 | B72: Sat | C72: SFPL-10-7 10:00–19:00 | D72: Present | E72: 10:26 AM | F72: 7:09 PM | G72: 8h 43m | H72: Late In (26m)
A73: 20-09-2026 | B73: Sun | C73: SFPL-10-7 10:00–19:00 | D73: Weekly Off | H73: —
A74: 21-09-2026 | B74: Mon | C74: SFPL-10-7 10:00–19:00 | D74: Present | E74: 9:54 AM | F74: 7:26 PM | G74: 9h 32m | H74: On Time
A75: 22-09-2026 | B75: Tue | C75: SFPL-10-7 10:00–19:00 | D75: Present | E75: 9:56 AM | F75: 7:02 PM | G75: 9h 6m | H75: On Time
A76: 23-09-2026 | B76: Wed | C76: SFPL-10-7 10:00–19:00 | D76: Present | E76: 10:02 AM | F76: 7:06 PM | G76: 9h 4m | H76: On Time
A77: 24-09-2026 | B77: Thu | C77: SFPL-10-7 10:00–19:00 | D77: Present | E77: 10:09 AM | F77: 7:12 PM | G77: 9h 3m | H77: On Time
A78: 25-09-2026 | B78: Fri | C78: SFPL-10-7 10:00–19:00 | D78: Present | E78: 10:13 AM | F78: 7:13 PM | G78: 9h 1m | H78: On Time
A79: 26-09-2026 | B79: Sat | C79: SFPL-10-7 10:00–19:00 | D79: Present | E79: 10:15 AM | F79: 7:01 PM | G79: 8h 46m | H79: Late In (15m)
A80: 27-09-2026 | B80: Sun | C80: SFPL-10-7 10:00–19:00 | D80: Weekly Off | H80: —
A81: 28-09-2026 | B81: Mon | C81: SFPL-10-7 10:00–19:00 | D81: Present | E81: 9:53 AM | F81: 7:11 PM | G81: 9h 17m | H81: On Time
A82: 29-09-2026 | B82: Tue | C82: SFPL-10-7 10:00–19:00 | D82: Present | E82: 9:55 AM | F82: 7:11 PM | G82: 9h 16m | H82: On Time
A83: 30-09-2026 | B83: Wed | C83: SFPL-10-7 10:00–19:00 | D83: Present | E83: 10:00 AM | F83: 7:07 PM | G83: 9h 7m | H83: On Time
A84: Total Worked Hours | G84: 199h 58m
A86: DAILY LOGS: DEEPIKA MAKWANA
A87: Date | B87: Day | C87: Shift | D87: Status | E87: In Time | F87: Out Time | G87: Total Hours | H87: Late In / Early Out
A88: 01-09-2026 | B88: Tue | C88: SFPL-10-7 10:00–19:00 | D88: Half Day (PL) | E88: 10:29 AM | F88: 2:30 PM | G88: 4h 1m | H88: Late In (29m), Early Out (270m)
A89: 02-09-2026 | B89: Wed | C89: SFPL-10-7 10:00–19:00 | D89: PL | H89: —
A90: 03-09-2026 | B90: Thu | C90: SFPL-10-7 10:00–19:00 | D90: PL | H90: —
A91: 04-09-2026 | B91: Fri | C91: SFPL-10-7 10:00–19:00 | D91: PL | H91: —
A92: 05-09-2026 | B92: Sat | C92: SFPL-10-7 10:00–19:00 | D92: PL | H92: —
A93: 06-09-2026 | B93: Sun | C93: SFPL-10-7 10:00–19:00 | D93: Weekly Off | H93: —
A94: 07-09-2026 | B94: Mon | C94: SFPL-10-7 10:00–19:00 | D94: Present | E94: 10:14 AM | F94: 7:15 AM | G94: 9h 1m | H94: On Time
A95: 08-09-2026 | B95: Tue | C95: SFPL-10-7 10:00–19:00 | D95: Present | E95: 10:17 AM | F95: 7:06 PM | G95: 8h 49m | H95: Late In (17m)
A96: 09-09-2026 | B96: Wed | C96: SFPL-10-7 10:00–19:00 | D96: Present | E96: 10:17 AM | F96: 7:11 PM | G96: 8h 54m | H96: Late In (17m)
A97: 10-09-2026 | B97: Thu | C97: SFPL-10-7 10:00–19:00 | D97: Present | E97: 10:30 AM | F97: 7:22 PM | G97: 8h 52m | H97: Late In (30m)
A98: 11-09-2026 | B98: Fri | C98: SFPL-10-7 10:00–19:00 | D98: Present | E98: 10:06 AM | F98: 7:17 PM | G98: 9h 11m | H98: On Time
A99: 12-09-2026 | B99: Sat | C99: SFPL-10-7 10:00–19:00 | D99: Weekly Off | H99: —
A100: 13-09-2026 | B100: Sun | C100: SFPL-10-7 10:00–19:00 | D100: Weekly Off | H100: —
A101: 14-09-2026 | B101: Mon | C101: SFPL-10-7 10:00–19:00 | D101: Present | E101: 10:35 AM | F101: 7:23 PM | G101: 8h 48m | H101: Late In (35m)
A102: 15-09-2026 | B102: Tue | C102: SFPL-10-7 10:00–19:00 | D102: Present | E102: 10:15 AM | F102: 7:15 PM | G102: 9h 0m | H102: Late In (15m)
A103: 16-09-2026 | B103: Wed | C103: SFPL-10-7 10:00–19:00 | D103: Present | E103: 10:19 AM | F103: 7:00 AM | G103: 8h 41m | H103: Late In (19m)
A104: 17-09-2026 | B104: Thu | C104: SFPL-10-7 10:00–19:00 | D104: PL | H104: —
A105: 18-09-2026 | B105: Fri | C105: SFPL-10-7 10:00–19:00 | D105: Present | E105: 10:05 AM | F105: 7:12 PM | G105: 9h 7m | H105: On Time
...

Sheet SR Container Carriers
A1: SR CONTAINER CARRIERS — ATTENDANCE & LEAVE REGISTER
A2: Period: 01 Sep 2026 to 30 Sep 2026 | Generated on: 16-Oct-2026 14:53 | Staff Count: 19
A4: Employee | B4: Total Working Days | C4: Present | D4: Absent | E4: Half Day PL | F4: Full Day PL | G4: Total PL Taken | H4: LWP Taken | I4: Week Off | J4: Holiday | M4: September Opening Balance | N4: PL Taken | O4: Available Balance | P4: Avg Hours/Day
A5: ADARSH SINGH | B5: 30 | C5: 25 | D5: 0 | E5: 0 | F5: 0 | G5: 0 | H5: 0 | I5: 4 | J5: 1 | M5: 30 | N5: 0 | O5: 30 | P5: 8h 36m
A6: AFTAB BELIM | B6: 16 | C6: 12 | D6: 0 | E6: 0 | F6: 0 | G6: 0 | H6: 4 | I6: 4 | J6: 0 | M6: 0 | N6: 0 | O6: 0 | P6: 8h 54m
A7: AJAY SINGH | B7: 30 | C7: 26 | D7: 0 | E7: 0 | F7: 0 | G7: 0 | H7: 0 | I7: 3 | J7: 1 | M7: 24 | N7: 0 | O7: 24 | P7: 9h 18m
A8: AVINASH PANDEY | B8: 30 | C8: 22 | D8: 0 | E8: 0 | F8: 2 | G8: 2 | H8: 0 | I8: 5 | J8: 1 | M8: 13 | N8: 2 | O8: 11 | P8: 9h 54m
A9: AYAN CHAUHAN | B9: 30 | C9: 23 | D9: 0 | E9: 0 | F9: 1 | G9: 1 | H9: 0 | I9: 5 | J9: 1 | M9: 17.5 | N9: 1 | O9: 16.5 | P9: 9h 6m
A10: DASAK SHAH | B10: 29 | C10: 23 | D10: 0 | E10: 0 | F10: 0 | G10: 0 | H10: 1 | I10: 5 | J10: 1 | M10: 16 | N10: 0 | O10: 16 | P10: 8h 54m
A11: DEEPAK SINGH | B11: 17 | C11: 12 | D11: 11 | E11: 0 | F11: 0 | G11: 0 | H11: 2 | I11: 4 | J11: 1 | M11: 0 | N11: 0 | O11: 0 | P11: 8h 42m
A12: JAYMIN PARMAR | B12: 30 | C12: 24 | D12: 0 | E12: 0 | F12: 1 | G12: 1 | H12: 0 | I12: 4 | J12: 1 | M12: 24.5 | N12: 1 | O12: 23.5 | P12: 11h 12m
A13: JISHNU T | B13: 6 | C13: 4 | D13: 20 | E13: 0 | F13: 0 | G13: 0 | H13: 4 | I13: 1 | J13: 1 | M13: 0 | N13: 0 | O13: 0 | P13: 10h 30m
A14: KULDEEP RAWAT | B14: 30 | C14: 24 | D14: 0 | E14: 0 | F14: 0 | G14: 0 | H14: 0 | I14: 5 | J14: 1 | M14: 61 | N14: 0 | O14: 61 | P14: 9h 6m
A15: LIBIN V. | B15: 30 | C15: 24 | D15: 0 | E15: 0 | F15: 0 | G15: 0 | H15: 0 | I15: 5 | J15: 1 | M15: 9.5 | N15: 0 | O15: 9.5 | P15: 10h 0m
A16: MOHIT SINGH | B16: 30 | C16: 23 | D16: 0 | E16: 0 | F16: 1 | G16: 1 | H16: 0 | I16: 5 | J16: 1 | M16: 23 | N16: 1 | O16: 22 | P16: 9h 0m
... A23: VIKAS CHANDRA | B23: 30 | C23: 25 | D23: 0 | E23: 0 | F23: 0 | G23: 0 | H23: 0 | I23: 5 | J23: 0 | M23: 9.5 | N23: 0 | O23: 9.5 | P23: 9h 36m
A26: DAILY LOGS: ADARSH SINGH
A27: Date | B27: Day | C27: Shift | D27: Status | E27: In Time | F27: Out Time | G27: Total Hours | H27: Late In / Early Out
A28: 01-09-2026 | B28: Tue | C28: SRCC 4 AM to 2 PM 04:00–14:00 | D28: Present | E28: 8:52 AM | H28: Late In (292m)
A29: 02-09-2026 | B29: Wed | C29: SRCC 4 AM to 2 PM 04:00–14:00 | D29: Present | E29: 4:58 AM | F29: 2:34 PM | G29: 9h 36m | H29: Late In (58m)
A30: 03-09-2026 | B30: Thu | C30: SRCC 4 AM to 2 PM 04:00–14:00 | D30: Present | E30: 4:30 AM | F30: 2:20 PM | G30: 9h 50m | H30: Late In (30m)
A31: 04-09-2026 | B31: Fri | C31: SFPL-10-7 10:00–19:00 | D31: Holiday | H31: —
A32: 05-09-2026 | B32: Sat | C32: SRCC 4 AM to 2 PM 04:00–14:00 | D32: Present | E32: 9:08 AM | H32: Late In (308m)
A33: 06-09-2026 | B33: Sun | C33: SRCC 4 AM to 2 PM 04:00–14:00 | D33: Weekly Off | H33: —
A34: 07-09-2026 | B34: Mon | C34: SRCC 4 AM to 2 PM 04:00–14:00 | D34: Present | E34: 9:15 AM | H34: Late In (315m)
A35: 08-09-2026 | B35: Tue | C35: SRCC 4 AM to 2 PM 04:00–14:00 | D35: Present | E35: 6:13 AM | F35: 3:01 PM | G35: 8h 48m | H35: Late In (133m)
A36: 09-09-2026 | B36: Wed | C36: SRCC 4 AM to 2 PM 04:00–14:00 | D36: Present | E36: 5:52 AM | F36: 4:28 PM | G36: 10h 36m | H36: Late In (112m)
A37: 10-09-2026 | B37: Thu | C37: SRCC 4 AM to 2 PM 04:00–14:00 | D37: Present | E37: 3:40 AM | F37: 2:10 PM | G37: 10h 30m | H37: On Time
A38: 11-09-2026 | B38: Fri | C38: SRCC 4 AM to 2 PM 04:00–14:00 | D38: Present | E38: 1:19 PM | H38: Late In (559m)
A39: 12-09-2026 | B39: Sat | C39: SRCC 4 AM to 2 PM 04:00–14:00 | D39: Present | E39: 6:54 AM | H39: Late In (174m)
A40: 13-09-2026 | B40: Sun | C40: SRCC 4 AM to 2 PM 04:00–14:00 | D40: Weekly Off | H40: —
A41: 14-09-2026 | B41: Mon | C41: SRCC 4 AM to 2 PM 04:00–14:00 | D41: Present | E41: 7:55 AM | F41: 4:07 PM | G41: 8h 13m | H41: Late In (235m)
A42: 15-09-2026 | B42: Tue | C42: SRCC 4 AM to 2 PM 04:00–14:00 | D42: Present | H42: —
A43: 16-09-2026 | B43: Wed | C43: SRCC 4 AM to 2 PM 04:00–14:00 | D43: Present | E43: 5:28 AM | H43: Late In (88m)
A44: 17-09-2026 | B44: Thu | C44: SRCC 4 AM to 2 PM 04:00–14:00 | D44: Present | H44: —
A45: 18-09-2026 | B45: Fri | C45: SRCC 4 AM to 2 PM 04:00–14:00 | D45: Present | H45: —
A46: 19-09-2026 | B46: Sat | C46: SRCC 4 AM to 2 PM 04:00–14:00 | D46: Present | E46: 11:30 AM | F46: 11:32 AM | G46: 0h 2m | H46: Late In (450m), Early Out (148m)
A47: 20-09-2026 | B47: Sun | C47: SRCC 4 AM to 2 PM 04:00–14:00 | D47: Weekly Off | H47: —
A48: 21-09-2026 | B48: Mon | C48: SRCC 4 AM to 2 PM 04:00–14:00 | D48: Present | E48: 6:41 AM | H48: Late In (161m)
A49: 22-09-2026 | B49: Tue | C49: SRCC 4 AM to 2 PM 04:00–14:00 | D49: Present | E49: 3:34 AM | F49: 2:08 PM | G49: 10h 33m | H49: On Time
A50: 23-09-2026 | B50: Wed | C50: SRCC 4 AM to 2 PM 04:00–14:00 | D50: Present | E50: 3:30 AM | H50: On Time
A51: 24-09-2026 | B51: Thu | C51: SRCC 4 AM to 2 PM 04:00–14:00 | D51: Present | E51: 8:17 AM | F51: 3:54 PM | G51: 7h 37m | H51: Late In (257m)
A52: 25-09-2026 | B52: Fri | C52: SRCC 4 AM to 2 PM 04:00–14:00 | D52: Present | E52: 7:03 AM | H52: Late In (183m)
A53: 26-09-2026 | B53: Sat | C53: SRCC 4 AM to 2 PM 04:00–14:00 | D53: Present | E53: 4:42 AM | H53: Late In (42m)
A54: 27-09-2026 | B54: Sun | C54: SRCC 4 AM to 2 PM 04:00–14:00 | D54: Weekly Off | H54: —
A55: 28-09-2026 | B55: Mon | C55: SRCC 4 AM to 2 PM 04:00–14:00 | D55: Present | H55: —
A56: 29-09-2026 | B56: Tue | C56: SRCC 4 AM to 2 PM 04:00–14:00 | D56: Present | H56: —
A57: 30-09-2026 | B57: Wed | C57: SRCC 4 AM to 2 PM 04:00–14:00 | D57: Present | E57: 6:19 AM | F57: 4:06 PM | G57: 9h 47m | H57: Late In (139m)
A58: Total Worked Hours | G58: 85h 31m
A60: DAILY LOGS: AFTAB BELIM
A61: Date | B61: Day | C61: Shift | D61: Status | E61: In Time | F61: Out Time | G61: Total Hours | H61: Late In / Early Out
A62: 01-09-2026 | B62: Tue | C62: SFPL SHIFT 10-7 10:00–19:00 | D62: Absent | H62: —
A63: 02-09-2026 | B63: Wed | C63: SFPL SHIFT 10-7 10:00–19:00 | D63: Absent | H63: —
A64: 03-09-2026 | B64: Thu | C64: SFPL SHIFT 10-7 10:00–19:00 | D64: Absent | H64: —
A65: 04-09-2026 | B65: Fri | C65: SFPL SHIFT 10-7 10:00–19:00 | D65: Absent | H65: —
A66: 05-09-2026 | B66: Sat | C66: SFPL SHIFT 10-7 10:00–19:00 | D66: Absent | H66: —
A67: 06-09-2026 | B67: Sun | C67: SFPL SHIFT 10-7 10:00–19:00 | D67: Absent | H67: —
A68: 07-09-2026 | B68: Mon | C68: SFPL SHIFT 10-7 10:00–19:00 | D68: Absent | H68: —
A69: 08-09-2026 | B69: Tue | C69: SFPL SHIFT 10-7 10:00–19:00 | D69: Absent | H69: —
A70: 09-09-2026 | B70: Wed | C70: SFPL SHIFT 10-7 10:00–19:00 | D70: Absent | H70: —
A71: 10-09-2026 | B71: Thu | C71: SFPL SHIFT 10-7 10:00–19:00 | D71: Absent | H71: —
A72: 11-09-2026 | B72: Fri | C72: SFPL SHIFT 10-7 10:00–19:00 | D72: Present | E72: 9:30 PM | F72: 4:30 AM | G72: 7h 0m | H72: Late In (690m)
A73: 12-09-2026 | B73: Sat | C73: SFPL SHIFT 10-7 10:00–19:00 | D73: Weekly Off | H73: —
A74: 13-09-2026 | B74: Sun | C74: SFPL SHIFT 10-7 10:00–19:00 | D74: Weekly Off | H74: —
A75: 14-09-2026 | B75: Mon | C75: SFPL SHIFT 10-7 10:00–19:00 | D75: LWP | H75: —
A76: 15-09-2026 | B76: Tue | C76: SFPL SHIFT 10-7 10:00–19:00 | D76: LWP | H76: —
A77: 16-09-2026 | B77: Wed | C77: Standard Shift 10:00–19:00 | D77: Present | E77: 10:05 AM | F77: 7:00 PM | G77: 8h 55m | H77: Late In (5m)
A78: 17-09-2026 | B78: Thu | C78: Standard Shift 10:00–19:00 | D78: Present | E78: 10:29 AM | F78: 7:31 PM | G78: 9h 1m | H78: Late In (29m)
A79: 18-09-2026 | B79: Fri | C79: SFPL SHIFT 10-7 10:00–19:00 | D79: LWP | H79: —
A80: 19-09-2026 | B80: Sat | C80: Standard Shift 10:00–19:00 | D80: Present | E80: 10:33 AM | F80: 7:26 PM | G80: 8h 53m | H80: Late In (33m)
A81: 20-09-2026 | B81: Sun | C81: SFPL SHIFT 10-7 10:00–19:00 | D81: Weekly Off | H81: —
A82: 21-09-2026 | B82: Mon | C82: Standard Shift 10:00–19:00 | D82: Present | E82: 10:26 AM | F82: 7:45 PM | G82: 9h 20m | H82: Late In (26m)
A83: 22-09-2026 | B83: Tue | C83: Standard Shift 10:00–19:00 | D83: Present | E83: 10:59 AM | F83: 8:01 PM | G83: 9h 2m | H83: Late In (59m)
A84: 23-09-2026 | B84: Wed | C84: SFPL SHIFT 10-7 10:00–19:00 | D84: LWP | H84: —
A85: 24-09-2026 | B85: Thu | C85: Standard Shift 10:00–19:00 | D85: Present | E85: 10:36 AM | F85: 7:42 PM | G85: 9h 6m | H85: Late In (36m)
A86: 25-09-2026 | B86: Fri | C86: Standard Shift 10:00–19:00 | D86: Present | E86: 10:43 AM | F86: 7:47 PM | G86: 9h 4m | H86: Late In (43m)
A87: 26-09-2026 | B87: Sat | C87: Standard Shift 10:00–19:00 | D87: Present | E87: 10:45 AM | F87: 7:48 PM | G87: 9h 3m | H87: Late In (45m)
A88: 27-09-2026 | B88: Sun | C88: SFPL SHIFT 10-7 10:00–19:00 | D88: Weekly Off | H88: —
A89: 28-09-2026 | B89: Mon | C89: Standard Shift 10:00–19:00 | D89: Present | E89: 10:47 AM | F89: 7:42 PM | G89: 8h 54m | H89: Late In (47m)
A90: 29-09-2026 | B90: Tue | C90: Standard Shift 10:00–19:00 | D90: Present | E90: 11:12 AM | F90: 8:14 PM | G90: 9h 2m | H90: Late In (72m)
A91: 30-09-2026 | B91: Wed | C91: Standard Shift 10:00–19:00 | D91: Present | E91: 10:49 AM | F91: 7:44 PM | G91: 8h 55m | H91: Late In (49m)
A92: Total Worked Hours | G92: 106h 16m
A94: DAILY LOGS: AJAY SINGH
A95: Date | B95: Day | C95: Shift | D95: Status | E95: In Time | F95: Out Time | G95: Total Hours | H95: Late In / Early Out
A96: 01-09-2026 | B96: Tue | C96: SRCC 2PM-11PM 14:00–23:00 | D96: Present | E96: 2:09 PM | F96: 11:39 PM | G96: 9h 29m | H96: On Time
A97: 02-09-2026 | B97: Wed | C97: SRCC 2PM-11PM 14:00–23:00 | D97: Present | E97: 1:59 PM | F97: 11:08 PM | G97: 9h 8m | H97: On Time
A98: 03-09-2026 | B98: Thu | C98: SRCC 2PM-11PM 14:00–23:00 | D98: Present | E98: 1:59 PM | F98: 11:15 PM | G98: 9h 17m | H98: On Time
A99: 04-09-2026 | B99: Fri | C99: SRCC 2PM-11PM 14:00–23:00 | D99: Holiday | H99: —
A100: 05-09-2026 | B100: Sat | C100: SRCC 2PM-11PM 14:00–23:00 | D100: Present | E100: 2:06 PM | F100: 11:41 PM | G100: 9h 35m | H100: On Time
A101: 06-09-2026 | B101: Sun | C101: SRCC 2PM-11PM 14:00–23:00 | D101: Present | E101: 3:01 PM | F101: 12:30 AM | G101: 8h 0m | H101: Late In (61m)
A102: 07-09-2026 | B102: Mon | C102: SRCC 2PM-11PM 14:00–23:00 | D102: Present | E102: 2:02 PM | F102: 11:10 PM | G102: 9h 8m | H102: On Time
A103: 08-09-2026 | B103: Tue | C103: SRCC 2PM-11PM 14:00–23:00 | D103: Present | E103: 2:14 PM | F103: 11:56 PM | G103: 9h 42m | H103: On Time
A104: 09-09-2026 | B104: Wed | C104: SRCC 2PM-11PM 14:00–23:00 | D104: Present | E104: 2:13 PM | F104: 11:57 PM | G104: 9h 44m | H104: On Time
A105: 10-09-2026 | B105: Thu | C105: SRCC 2PM-11PM 14:00–23:00 | D105: Present | E105: 2:20 PM | F105: 11:20 PM | G105: 9h 0m | H105: Late In (20m)
A106: 11-09-2026 | B106: Fri | C106: SRCC 2PM-11PM 14:00–23:00 | D106: Present | H106: —
A107: 12-09-2026 | B107: Sat | C107: SRCC 2PM-11PM 14:00–23:00 | D107: Present | E107: 2:30 PM | F107: 11:14 PM | G107: 8h 43m | H107: Late In (30m)
A108: 13-09-2026 | B108: Sun | C108: SRCC 2PM-11PM 14:00–23:00 | D108: Weekly Off | H108: —
A109: 14-09-2026 | B109: Mon | C109: SRCC 2PM-11PM 14:00–23:00 | D109: Present | E109: 2:56 PM | F109: 11:56 PM | G109: 9h 0m | H109: Late In (56m)
A110: 15-09-2026 | B110: Tue | C110: SRCC 2PM-11PM 14:00–23:00 | D110: Present | E110: 2:32 PM | F110: 11:41 PM | G110: 9h 9m | H110: Late In (32m)
A111: 16-09-2026 | B111: Wed | C111: SRCC 2PM-11PM 14:00–23:00 | D111: Present | E111: 2:11 PM | F111: 11:41 PM | G111: 9h 30m | H111: On Time
...

Sheet Suraj Forwarders
A1: SURAJ FORWARDERS — ATTENDANCE & LEAVE REGISTER
A2: Period: 01 Sep 2026 to 30 Sep 2026 | Generated on: 16-Oct-2026 14:53 | Staff Count: 7
A4: Employee | B4: Total Working Days | C4: Present | D4: Absent | E4: Half Day PL | F4: Full Day PL | G4: Total PL Taken | H4: LWP Taken | I4: Week Off | J4: Holiday | M4: September Opening Balance | N4: PL Taken | O4: Available Balance | P4: Avg Hours/Day
A5: BHOOMI PARMAR | B5: 29 | C5: 23 | D5: 0 | E5: 0 | F5: 0 | G5: 0 | H5: 1 | I5: 5 | J5: 1 | M5: 0 | N5: 0 | O5: 0 | P5: 9h 18m
A6: BURHANUDDIN GODHRAWALA | B6: 27 | C6: 21 | D6: 0 | E6: 0 | F6: 0 | G6: 0 | H6: 3 | I6: 5 | J6: 1 | M6: 0 | N6: 0 | O6: 0 | P6: 8h 36m
A7: DHARMENDRA VINZAVA | B7: 30 | C7: 24 | D7: 0 | E7: 0 | F7: 0 | G7: 0 | H7: 0 | I7: 5 | J7: 1 | M7: 43.5 | N7: 0 | O7: 43.5 | P7: 8h 54m
A8: DIPAK RAVAT | B8: 29 | C8: 20.5 | D8: 0 | E8: 3 | F8: 1 | G8: 2.5 | H8: 1 | I8: 5 | J8: 1 | M8: 2.5 | N8: 2.5 | O8: 0 | P8: 9h 0m
A9: ELBIN KURIAN | B9: 30 | C9: 24 | D9: 0 | E9: 0 | F9: 0 | G9: 0 | H9: 0 | I9: 5 | J9: 1 | M9: 9 | N9: 0 | O9: 9 | P9: 9h 0m
A10: NIRALI PATEL | B10: 30 | C10: 24 | D10: 0 | E10: 0 | F10: 0 | G10: 0 | H10: 0 | I10: 5 | J10: 1 | M10: 23.5 | N10: 0 | O10: 23.5 | P10: 8h 54m
A11: PARAS MAKWANA | B11: 30 | C11: 25 | D11: 0 | E11: 0 | F11: 0 | G11: 0 | H11: 0 | I11: 4 | J11: 1 | M11: 30.5 | N11: 0 | O11: 30.5 | P11: 9h 42m
A14: DAILY LOGS: BHOOMI PARMAR
A15: Date | B15: Day | C15: Shift | D15: Status | E15: In Time | F15: Out Time | G15: Total Hours | H15: Late In / Early Out
A16: 01-09-2026 | B16: Tue | C16: SFPL SHIFT 10-7 10:00–19:00 | D16: Present | H16: —
A17: 02-09-2026 | B17: Wed | C17: SFPL SHIFT 10-7 10:00–19:00 | D17: Present | H17: —
A18: 03-09-2026 | B18: Thu | C18: SFPL SHIFT 10-7 10:00–19:00 | D18: Present | H18: —
A19: 04-09-2026 | B19: Fri | C19: SFPL SHIFT 10-7 10:00–19:00 | D19: Holiday | H19: —
A20: 05-09-2026 | B20: Sat | C20: SFPL SHIFT 10-7 10:00–19:00 | D20: Present | H20: —
A21: 06-09-2026 | B21: Sun | C21: SFPL SHIFT 10-7 10:00–19:00 | D21: Weekly Off | H21: —
A22: 07-09-2026 | B22: Mon | C22: SFPL SHIFT 10-7 10:00–19:00 | D22: Present | H22: —
A23: 08-09-2026 | B23: Tue | C23: SFPL SHIFT 10-7 10:00–19:00 | D23: Present | H23: —
A24: 09-09-2026 | B24: Wed | C24: SFPL SHIFT 10-7 10:00–19:00 | D24: Present | H24: —
A25: 10-09-2026 | B25: Thu | C25: SFPL SHIFT 10-7 10:00–19:00 | D25: Present | H25: —
A26: 11-09-2026 | B26: Fri | C26: SFPL SHIFT 10-7 10:00–19:00 | D26: Present | H26: —
A27: 12-09-2026 | B27: Sat | C27: SFPL SHIFT 10-7 10:00–19:00 | D27: Weekly Off | H27: —
... A33: 18-09-2026 | B33: Fri | C33: SFPL SHIFT 10-7 10:00–19:00 | D33: Present | H33: —
A34: 19-09-2026 | B34: Sat | C34: Standard Shift 10:00–19:00 | D34: Present | E34: 10:19 AM | F34: 7:12 PM | G34: 8h 53m | H34: Late In (19m)
A35: 20-09-2026 | B35: Sun | C35: SFPL SHIFT 10-7 10:00–19:00 | D35: Weekly Off | H35: —
A36: 21-09-2026 | B36: Mon | C36: Standard Shift 10:00–19:00 | D36: Present | E36: 10:09 AM | F36: 7:10 PM | G36: 9h 1m | H36: Late In (9m)
A37: 22-09-2026 | B37: Tue | C37: Standard Shift 10:00–19:00 | D37: Present | E37: 10:12 AM | F37: 7:12 PM | G37: 9h 1m | H37: Late In (12m)
A38: 23-09-2026 | B38: Wed | C38: Standard Shift 10:00–19:00 | D38: Present | E38: 10:05 AM | F38: 7:05 PM | G38: 9h 0m | H38: Late In (5m)
A39: 24-09-2026 | B39: Thu | C39: Standard Shift 10:00–19:00 | D39: Present | E39: 10:02 AM | F39: 7:11 PM | G39: 9h 9m | H39: Late In (2m)
A40: 25-09-2026 | B40: Fri | C40: Standard Shift 10:00–19:00 | D40: Present | E40: 9:54 AM | F40: 6:57 PM | G40: 9h 3m | H40: Early Out (2m)
A41: 26-09-2026 | B41: Sat | C41: Standard Shift 10:00–19:00 | D41: Present | E41: 10:04 AM | F41: 7:04 PM | G41: 9h 0m | H41: Late In (4m)
A42: 27-09-2026 | B42: Sun | C42: SFPL SHIFT 10-7 10:00–19:00 | D42: Weekly Off | H42: —
A43: 28-09-2026 | B43: Mon | C43: Standard Shift 10:00–19:00 | D43: Present | E43: 9:58 AM | F43: 7:02 PM | G43: 9h 5m | H43: On Time
A44: 29-09-2026 | B44: Tue | C44: Standard Shift 10:00–19:00 | D44: Present | E44: 10:06 AM | H44: Late In (6m)
A45: 30-09-2026 | B45: Wed | C45: Standard Shift 10:00–19:00 | D45: Present | E45: 10:02 AM | F45: 9:21 PM | G45: 11h 19m | H45: Late In (2m)
A46: Total Worked Hours | G46: 83h 31m
A48: DAILY LOGS: BURHANUDDIN GODHRAWALA
A49: Date | B49: Day | C49: Shift | D49: Status | E49: In Time | F49: Out Time | G49: Total Hours | H49: Late In / Early Out
A50: 01-09-2026 | B50: Tue | C50: SFPL SHIFT 10-7 10:00–19:00 | D50: Present | H50: —
A51: 02-09-2026 | B51: Wed | C51: SFPL SHIFT 10-7 10:00–19:00 | D51: Present | H51: —
A52: 03-09-2026 | B52: Thu | C52: Standard Shift 10:00–19:00 | D52: Present | E52: 4:10 PM | F52: 7:36 PM | G52: 3h 26m | H52: Late In (370m)
A53: 04-09-2026 | B53: Fri | C53: Standard Shift 10:00–19:00 | D53: Holiday | H53: —
A54: 05-09-2026 | B54: Sat | C54: SFPL SHIFT 10-7 10:00–19:00 | D54: Present | E54: 9:55 AM | F54: 6:54 PM | G54: 8h 59m | H54: On Time
A55: 06-09-2026 | B55: Sun | C55: SFPL SHIFT 10-7 10:00–19:00 | D55: Weekly Off | H55: —
A56: 07-09-2026 | B56: Mon | C56: SFPL SHIFT 10-7 10:00–19:00 | D56: Present | E56: 10:15 AM | F56: 7:01 PM | G56: 8h 46m | H56: Late In (15m)
A57: 08-09-2026 | B57: Tue | C57: SFPL SHIFT 10-7 10:00–19:00 | D57: Present | E57: 10:19 AM | F57: 7:02 PM | G57: 8h 43m | H57: Late In (19m)
A58: 09-09-2026 | B58: Wed | C58: SFPL SHIFT 10-7 10:00–19:00 | D58: Present | E58: 9:58 AM | F58: 7:12 PM | G58: 9h 13m | H58: On Time
A59: 10-09-2026 | B59: Thu | C59: SFPL SHIFT 10-7 10:00–19:00 | D59: Present | E59: 10:35 AM | F59: 7:24 PM | G59: 8h 49m | H59: Late In (35m)
A60: 11-09-2026 | B60: Fri | C60: SFPL SHIFT 10-7 10:00–19:00 | D60: Present | E60: 9:25 AM | F60: 6:22 PM | G60: 8h 57m | H60: Early Out (37m)
A61: 12-09-2026 | B61: Sat | C61: SFPL SHIFT 10-7 10:00–19:00 | D61: Weekly Off | H61: —
A62: 13-09-2026 | B62: Sun | C62: SFPL SHIFT 10-7 10:00–19:00 | D62: Weekly Off | H62: —
A63: 14-09-2026 | B63: Mon | C63: SFPL SHIFT 10-7 10:00–19:00 | D63: Present | E63: 11:01 AM | F63: 7:17 PM | G63: 8h 16m | H63: Late In (61m)
A64: 15-09-2026 | B64: Tue | C64: SFPL SHIFT 10-7 10:00–19:00 | D64: Present | E64: 10:22 AM | F64: 7:20 PM | G64: 8h 58m | H64: Late In (22m)
A65: 16-09-2026 | B65: Wed | C65: SFPL SHIFT 10-7 10:00–19:00 | D65: Present | E65: 10:22 AM | F65: 7:22 PM | G65: 9h 0m | H65: Late In (22m)
A66: 17-09-2026 | B66: Thu | C66: SFPL SHIFT 10-7 10:00–19:00 | D66: Present | E66: 10:38 AM | F66: 7:38 PM | G66: 9h 0m | H66: Late In (38m)
A67: 18-09-2026 | B67: Fri | C67: SFPL SHIFT 10-7 10:00–19:00 | D67: Present | E67: 11:06 AM | F67: 7:23 PM | G67: 8h 17m | H67: Late In (66m)
A68: 19-09-2026 | B68: Sat | C68: SFPL SHIFT 10-7 10:00–19:00 | D68: Present | E68: 10:12 AM | F68: 7:12 PM | G68: 9h 0m | H68: On Time
A69: 20-09-2026 | B69: Sun | C69: SFPL SHIFT 10-7 10:00–19:00 | D69: Weekly Off | H69: —
A70: 21-09-2026 | B70: Mon | C70: SFPL SHIFT 10-7 10:00–19:00 | D70: Present | E70: 10:19 AM | F70: 7:15 PM | G70: 8h 56m | H70: Late In (19m)
A71: 22-09-2026 | B71: Tue | C71: SFPL SHIFT 10-7 10:00–19:00 | D71: Present | E71: 10:24 AM | F71: 7:24 PM | G71: 9h 0m | H71: Late In (24m)
A72: 23-09-2026 | B72: Wed | C72: SFPL SHIFT 10-7 10:00–19:00 | D72: Present | E72: 10:19 AM | F72: 7:12 PM | G72: 8h 53m | H72: Late In (19m)
A73: 24-09-2026 | B73: Thu | C73: SFPL SHIFT 10-7 10:00–19:00 | D73: Present | E73: 10:35 AM | F73: 7:36 PM | G73: 9h 2m | H73: Late In (35m)
A74: 25-09-2026 | B74: Fri | C74: SFPL SHIFT 10-7 10:00–19:00 | D74: Present | E74: 9:59 AM | F74: 7:00 PM | G74: 9h 1m | H74: On Time
A75: 26-09-2026 | B75: Sat | C75: SFPL SHIFT 10-7 10:00–19:00 | D75: Present | E75: 10:06 AM | F75: 7:10 PM | G75: 9h 4m | H75: On Time
A76: 27-09-2026 | B76: Sun | C76: SFPL SHIFT 10-7 10:00–19:00 | D76: Weekly Off | H76: —
A77: 28-09-2026 | B77: Mon | C77: SFPL SHIFT 10-7 10:00–19:00 | D77: LWP | H77: —
A78: 29-09-2026 | B78: Tue | C78: SFPL SHIFT 10-7 10:00–19:00 | D78: LWP | H78: —
A79: 30-09-2026 | B79: Wed | C79: SFPL SHIFT 10-7 10:00–19:00 | D79: LWP | H79: —
A80: Total Worked Hours | G80: 163h 22m
A82: DAILY LOGS: DHARMENDRA VINZAVA
A83: Date | B83: Day | C83: Shift | D83: Status | E83: In Time | F83: Out Time | G83: Total Hours | H83: Late In / Early Out
A84: 01-09-2026 | B84: Tue | C84: SFPL-10-7 10:00–19:00 | D84: Present | E84: 10:44 AM | F84: 8:00 PM | G84: 9h 16m | H84: Late In (44m)
A85: 02-09-2026 | B85: Wed | C85: SFPL-10-7 10:00–19:00 | D85: Present | E85: 10:37 AM | F85: 7:48 PM | G85: 9h 11m | H85: Late In (37m)
A86: 03-09-2026 | B86: Thu | C86: SFPL-10-7 10:00–19:00 | D86: Present | H86: —
A87: 04-09-2026 | B87: Fri | C87: SFPL-10-7 10:00–19:00 | D87: Holiday | H87: —
A88: 05-09-2026 | B88: Sat | C88: SFPL-10-7 10:00–19:00 | D88: Present | H88: —
A89: 06-09-2026 | B89: Sun | C89: SFPL-10-7 10:00–19:00 | D89: Weekly Off | H89: —
A90: 07-09-2026 | B90: Mon | C90: SFPL-10-7 10:00–19:00 | D90: Present | H90: —
A91: 08-09-2026 | B91: Tue | C91: SFPL-10-7 10:00–19:00 | D91: Present | H91: —
A92: 09-09-2026 | B92: Wed | C92: SFPL-10-7 10:00–19:00 | D92: Present | H92: —
A93: 10-09-2026 | B93: Thu | C93: SFPL-10-7 10:00–19:00 | D93: Present | H93: —
A94: 11-09-2026 | B94: Fri | C94: SFPL-10-7 10:00–19:00 | D94: Present | H94: —
A95: 12-09-2026 | B95: Sat | C95: SFPL-10-7 10:00–19:00 | D95: Weekly Off | H95: —
A96: 13-09-2026 | B96: Sun | C96: SFPL-10-7 10:00–19:00 | D96: Weekly Off | H96: —
A97: 14-09-2026 | B97: Mon | C97: SFPL-10-7 10:00–19:00 | D97: Present | E97: 10:47 AM | F97: 7:45 PM | G97: 8h 58m | H97: Late In (47m)
A98: 15-09-2026 | B98: Tue | C98: SFPL-10-7 10:00–19:00 | D98: Present | E98: 10:35 AM | F98: 7:33 PM | G98: 8h 58m | H98: Late In (35m)
A99: 16-09-2026 | B99: Wed | C99: SFPL-10-7 10:00–19:00 | D99: Present | E99: 10:34 AM | F99: 8:00 PM | G99: 9h 26m | H99: Late In (34m)
A100: 17-09-2026 | B100: Thu | C100: SFPL-10-7 10:00–19:00 | D100: Present | E100: 10:32 AM | F100: 7:15 PM | G100: 8h 43m | H100: Late In (32m)
A101: 18-09-2026 | B101: Fri | C101: SFPL-10-7 10:00–19:00 | D101: Present | E101: 11:07 AM | F101: 7:22 PM | G101: 8h 15m | H101: Late In (67m)
A102: 19-09-2026 | B102: Sat | C102: SFPL-10-7 10:00–19:00 | D102: Present | E102: 10:31 AM | F102: 7:44 PM | G102: 9h 13m | H102: Late In (31m)
A103: 20-09-2026 | B103: Sun | C103: SFPL-10-7 10:00–19:00 | D103: Weekly Off | H103: —
A104: 21-09-2026 | B104: Mon | C104: SFPL-10-7 10:00–19:00 | D104: Present | E104: 10:38 AM | F104: 7:22 PM | G104: 8h 44m | H104: Late In (38m)
A105: 22-09-2026 | B105: Tue | C105: SFPL-10-7 10:00–19:00 | D105: Present | E105: 10:16 AM | F105: 7:39 PM | G105: 9h 23m | H105: Late In (16m)
A106: 23-09-2026 | B106: Wed | C106: SFPL-10-7 10:00–19:00 | D106: Present | E106: 10:29 AM | F106: 7:11 PM | G106: 8h 42m | H106: Late In (29m)
A107: 24-09-2026 | B107: Thu | C107: SFPL-10-7 10:00–19:00 | D107: Present | E107: 10:37 AM | F107: 7:08 PM | G107: 8h 32m | H107: Late In (37m)
A108: 25-09-2026 | B108: Fri | C108: SFPL-10-7 10:00–19:00 | D108: Present | E108: 11:16 AM | F108: 7:36 PM | G108: 8h 20m | H108: Late In (76m)
A109: 26-09-2026 | B109: Sat | C109: SFPL-10-7 10:00–19:00 | D109: Present | E109: 10:34 AM | F109: 7:52 PM | G109: 9h 18m | H109: Late In (34m)
A110: 27-09-2026 | B110: Sun | C110: SFPL-10-7 10:00–19:00 | D110: Weekly Off | H110: —
...

Sheet Suraj Forwarders & Shipping Age
A1: SURAJ FORWARDERS & SHIPPING AGENCIES — ATTENDANCE & LEAVE REGISTER
A2: Period: 01 Sep 2026 to 30 Sep 2026 | Generated on: 16-Oct-2026 14:53 | Staff Count: 29
A4: Employee | B4: Total Working Days | C4: Present | D4: Absent | E4: Half Day PL | F4: Full Day PL | G4: Total PL Taken | H4: LWP Taken | I4: Week Off | J4: Holiday | M4: September Opening Balance | N4: PL Taken | O4: Available Balance | P4: Avg Hours/Day
A5: AMIT MISHRA | B5: 29 | C5: 20.5 | D5: 0 | E5: 1 | F5: 3 | G5: 3.5 | H5: 1 | I5: 4 | J5: 1 | M5: 43.5 | N5: 3.5 | O5: 40 | P5: 9h 12m
A6: ANAND RAJPUT | B6: 30 | C6: 22 | D6: 0 | E6: 0 | F6: 2 | G6: 2 | H6: 0 | I6: 5 | J6: 1 | M6: 44.5 | N6: 2 | O6: 42.5 | P6: 9h 36m
A7: ANURAG PILLAI | B7: 30 | C7: 25 | D7: 0 | E7: 0 | F7: 0 | G7: 0 | H7: 0 | I7: 4 | J7: 1 | M7: 6 | N7: 0 | O7: 6 | P7: 11h 18m
A8: BHALUSINH RATHOD | B8: 30 | C8: 22 | D8: 0 | E8: 0 | F8: 2 | G8: 2 | H8: 0 | I8: 5 | J8: 1 | M8: 130 | N8: 2 | O8: 128 | P8: 9h 18m
A9: BHARAT DEVASI | B9: 29.5 | C9: 20.5 | D9: 0.5 | E9: 0 | F9: 3 | G9: 3 | H9: 0 | I9: 5 | J9: 1 | M9: 37 | N9: 3 | O9: 34 | P9: 9h 36m
A10: CHETANBHAI PARMAR | B10: 30 | C10: 20.5 | D10: 0 | E10: 1 | F10: 3 | G10: 3.5 | H10: 0 | I10: 5 | J10: 1 | M10: 52 | N10: 3.5 | O10: 48.5 | P10: 9h 18m
A11: DHARMENDRA KUMAR DIXIT | B11: 30 | C11: 22 | D11: 0 | E11: 0 | F11: 2 | G11: 2 | H11: 0 | I11: 5 | J11: 1 | M11: 9.5 | N11: 2 | O11: 7.5 | P11: 8h 18m
A12: DURGESH PANDEY | B12: 30 | C12: 25 | D12: 0 | E12: 0 | F12: 0 | G12: 0 | H12: 0 | I12: 4 | J12: 1 | M12: 10 | N12: 0 | O12: 10 | P12: 10h 6m
A13: ELAIYARAJA ADIDRAVID | B13: 30 | C13: 23 | D13: 0 | E13: 0 | F13: 1 | G13: 1 | H13: 0 | I13: 5 | J13: 1 | M13: 22 | N13: 1 | O13: 21 | P13: 8h 48m
A14: GAURAV SINGH | B14: 30 | C14: 24 | D14: 0 | E14: 0 | F14: 0 | G14: 0 | H14: 0 | I14: 5 | J14: 1 | M14: 30.5 | N14: 0 | O14: 30.5 | P14: 9h 12m
A15: HIMMAT PANWAR | B15: 30 | C15: 18 | D15: 0 | E15: 0 | F15: 7 | G15: 7 | H15: 0 | I15: 4 | J15: 1 | M15: 10 | N15: 7 | O15: 3 | P15: 9h 0m
A16: JITENDRAKUMAR MAKWANA | B16: 30 | C16: 24 | D16: 0 | E16: 0 | F16: 1 | G16: 1 | H16: 0 | I16: 4 | J16: 1 | M16: 48 | N16: 1 | O16: 47 | P16: 9h 18m
... A33: VISHNU ADIDRAVID | B33: 30 | C33: 24 | D33: 0 | E33: 0 | F33: 0 | G33: 0 | H33: 0 | I33: 5 | J33: 1 | M33: 0 | N33: 0 | O33: 0 | P33: 9h 6m
A36: DAILY LOGS: AMIT MISHRA
A37: Date | B37: Day | C37: Shift | D37: Status | E37: In Time | F37: Out Time | G37: Total Hours | H37: Late In / Early Out
A38: 01-09-2026 | B38: Tue | C38: SFPL-10-7 10:00–19:00 | D38: Present | E38: 10:34 AM | F38: 8:26 PM | G38: 9h 52m | H38: Late In (34m)
A39: 02-09-2026 | B39: Wed | C39: SFPL-10-7 10:00–19:00 | D39: Present | E39: 10:29 AM | F39: 8:30 PM | G39: 10h 1m | H39: Late In (29m)
A40: 03-09-2026 | B40: Thu | C40: SFPL-10-7 10:00–19:00 | D40: Present | E40: 10:47 AM | F40: 8:07 PM | G40: 9h 19m | H40: Late In (47m)
A41: 04-09-2026 | B41: Fri | C41: SFPL-10-7 10:00–19:00 | D41: Holiday | H41: —
A42: 05-09-2026 | B42: Sat | C42: SFPL-10-7 10:00–19:00 | D42: Present | E42: 11:28 AM | F42: 7:11 PM | G42: 7h 43m | H42: Late In (88m)
A43: 06-09-2026 | B43: Sun | C43: SFPL-10-7 10:00–19:00 | D43: Weekly Off | H43: —
A44: 07-09-2026 | B44: Mon | C44: SFPL-10-7 10:00–19:00 | D44: Present | E44: 10:52 AM | F44: 8:19 PM | G44: 9h 27m | H44: Late In (52m)
A45: 08-09-2026 | B45: Tue | C45: SFPL-10-7 10:00–19:00 | D45: Present | E45: 11:02 AM | F45: 8:04 PM | G45: 9h 2m | H45: Late In (62m)
A46: 09-09-2026 | B46: Wed | C46: SFPL-10-7 10:00–19:00 | D46: Present | E46: 11:16 AM | F46: 8:54 PM | G46: 9h 39m | H46: Late In (76m)
A47: 10-09-2026 | B47: Thu | C47: SFPL-10-7 10:00–19:00 | D47: Present | E47: 11:12 AM | F47: 8:35 PM | G47: 9h 23m | H47: Late In (72m)
A48: 11-09-2026 | B48: Fri | C48: SFPL-10-7 10:00–19:00 | D48: Present | E48: 12:03 PM | F48: 9:19 PM | G48: 9h 17m | H48: Late In (123m)
A49: 12-09-2026 | B49: Sat | C49: SFPL-10-7 10:00–19:00 | D49: Weekly Off | H49: —
A50: 13-09-2026 | B50: Sun | C50: SFPL-10-7 10:00–19:00 | D50: Weekly Off | H50: —
A51: 14-09-2026 | B51: Mon | C51: SFPL-10-7 10:00–19:00 | D51: PL | H51: —
A52: 15-09-2026 | B52: Tue | C52: SFPL-10-7 10:00–19:00 | D52: Present | E52: 11:27 AM | F52: 8:17 PM | G52: 8h 50m | H52: Late In (87m)
A53: 16-09-2026 | B53: Wed | C53: SFPL-10-7 10:00–19:00 | D53: Present | E53: 12:01 PM | F53: 8:55 PM | G53: 8h 54m | H53: Late In (121m)
A54: 17-09-2026 | B54: Thu | C54: SFPL-10-7 10:00–19:00 | D54: Present | E54: 11:11 AM | F54: 8:13 PM | G54: 9h 2m | H54: Late In (71m)
A55: 18-09-2026 | B55: Fri | C55: SFPL-10-7 10:00–19:00 | D55: Half Day (PL) | E55: 10:44 AM | F55: 3:05 PM | G55: 4h 21m | H55: Late In (44m), Early Out (235m)
A56: 19-09-2026 | B56: Sat | C56: SFPL-10-7 10:00–19:00 | D56: PL | H56: —
A57: 20-09-2026 | B57: Sun | C57: SFPL-10-7 10:00–19:00 | D57: LWP | H57: —
A58: 21-09-2026 | B58: Mon | C58: SFPL-10-7 10:00–19:00 | D58: PL | H58: —
A59: 22-09-2026 | B59: Tue | C59: SFPL-10-7 10:00–19:00 | D59: Present | E59: 10:48 AM | F59: 7:58 PM | G59: 9h 10m | H59: Late In (48m)
A60: 23-09-2026 | B60: Wed | C60: SFPL-10-7 10:00–19:00 | D60: Present | E60: 11:15 AM | F60: 8:42 PM | G60: 9h 27m | H60: Late In (75m)
A61: 24-09-2026 | B61: Thu | C61: SFPL-10-7 10:00–19:00 | D61: Present | E61: 11:08 AM | F61: 8:23 PM | G61: 9h 15m | H61: Late In (68m)
A62: 25-09-2026 | B62: Fri | C62: SFPL-10-7 10:00–19:00 | D62: Present | E62: 11:08 AM | F62: 8:23 PM | G62: 9h 15m | H62: Late In (68m)
A63: 26-09-2026 | B63: Sat | C63: SFPL-10-7 10:00–19:00 | D63: Present | E63: 11:42 AM | F63: 7:10 PM | G63: 7h 28m | H63: Late In (102m)
A64: 27-09-2026 | B64: Sun | C64: SFPL-10-7 10:00–19:00 | D64: Weekly Off | H64: —
A65: 28-09-2026 | B65: Mon | C65: SFPL-10-7 10:00–19:00 | D65: Present | E65: 11:14 AM | F65: 8:21 PM | G65: 9h 7m | H65: Late In (74m)
A66: 29-09-2026 | B66: Tue | C66: SFPL-10-7 10:00–19:00 | D66: Present | E66: 10:58 AM | F66: 8:48 PM | G66: 9h 51m | H66: Late In (58m)
A67: 30-09-2026 | B67: Wed | C67: SFPL-10-7 10:00–19:00 | D67: Present | E67: 10:59 AM | F67: 8:25 PM | G67: 9h 26m | H67: Late In (59m)
A68: Total Worked Hours | G68: 187h 47m
A70: DAILY LOGS: ANAND RAJPUT
A71: Date | B71: Day | C71: Shift | D71: Status | E71: In Time | F71: Out Time | G71: Total Hours | H71: Late In / Early Out
A72: 01-09-2026 | B72: Tue | C72: SFPL-10-7 10:00–19:00 | D72: Present | E72: 9:22 AM | F72: 6:51 PM | G72: 9h 28m | H72: On Time
A73: 02-09-2026 | B73: Wed | C73: SFPL-10-7 10:00–19:00 | D73: Present | E73: 9:38 AM | F73: 7:10 PM | G73: 9h 32m | H73: On Time
A74: 03-09-2026 | B74: Thu | C74: SFPL-10-7 10:00–19:00 | D74: Present | E74: 9:16 AM | F74: 7:05 PM | G74: 9h 49m | H74: On Time
A75: 04-09-2026 | B75: Fri | C75: SFPL-10-7 10:00–19:00 | D75: Holiday | H75: —
A76: 05-09-2026 | B76: Sat | C76: SFPL-10-7 10:00–19:00 | D76: Present | E76: 9:14 AM | F76: 3:24 PM | G76: 6h 10m | H76: Early Out (216m)
A77: 06-09-2026 | B77: Sun | C77: SFPL-10-7 10:00–19:00 | D77: Weekly Off | H77: —
A78: 07-09-2026 | B78: Mon | C78: SFPL-10-7 10:00–19:00 | D78: Present | E78: 9:04 AM | F78: 7:05 PM | G78: 10h 1m | H78: On Time
A79: 08-09-2026 | B79: Tue | C79: SFPL-10-7 10:00–19:00 | D79: Present | E79: 9:17 AM | F79: 7:17 PM | G79: 10h 0m | H79: On Time
A80: 09-09-2026 | B80: Wed | C80: SFPL-10-7 10:00–19:00 | D80: Present | E80: 9:06 AM | F80: 6:48 PM | G80: 9h 43m | H80: On Time
A81: 10-09-2026 | B81: Thu | C81: SFPL-10-7 10:00–19:00 | D81: Present | E81: 9:40 AM | F81: 6:53 PM | G81: 9h 13m | H81: On Time
A82: 11-09-2026 | B82: Fri | C82: SFPL-10-7 10:00–19:00 | D82: Present | E82: 9:21 AM | F82: 6:49 PM | G82: 9h 28m | H82: On Time
A83: 12-09-2026 | B83: Sat | C83: SFPL-10-7 10:00–19:00 | D83: Weekly Off | H83: —
A84: 13-09-2026 | B84: Sun | C84: SFPL-10-7 10:00–19:00 | D84: Weekly Off | H84: —
A85: 14-09-2026 | B85: Mon | C85: SFPL-10-7 10:00–19:00 | D85: Present | E85: 9:05 AM | F85: 6:44 PM | G85: 9h 38m | H85: Early Out (15m)
A86: 15-09-2026 | B86: Tue | C86: SFPL-10-7 10:00–19:00 | D86: Present | E86: 9:20 AM | F86: 5:51 PM | G86: 8h 30m | H86: Early Out (68m)
A87: 16-09-2026 | B87: Wed | C87: SFPL-10-7 10:00–19:00 | D87: PL | H87: —
A88: 17-09-2026 | B88: Thu | C88: SFPL-10-7 10:00–19:00 | D88: PL | H88: —
A89: 18-09-2026 | B89: Fri | C89: SFPL-10-7 10:00–19:00 | D89: Present | E89: 9:31 AM | F89: 6:53 PM | G89: 9h 22m | H89: On Time
A90: 19-09-2026 | B90: Sat | C90: SFPL-10-7 10:00–19:00 | D90: Present | E90: 9:01 AM | F90: 6:40 PM | G90: 9h 40m | H90: Early Out (19m)
A91: 20-09-2026 | B91: Sun | C91: SFPL-10-7 10:00–19:00 | D91: Weekly Off | H91: —
A92: 21-09-2026 | B92: Mon | C92: SFPL-10-7 10:00–19:00 | D92: Present | E92: 8:48 AM | F92: 6:43 PM | G92: 9h 56m | H92: Early Out (16m)
A93: 22-09-2026 | B93: Tue | C93: SFPL-10-7 10:00–19:00 | D93: Present | E93: 8:49 AM | F93: 6:44 PM | G93: 9h 55m | H93: Early Out (15m)
A94: 23-09-2026 | B94: Wed | C94: SFPL-10-7 10:00–19:00 | D94: Present | E94: 8:59 AM | F94: 6:47 PM | G94: 9h 47m | H94: On Time
A95: 24-09-2026 | B95: Thu | C95: SFPL-10-7 10:00–19:00 | D95: Present | E95: 8:57 AM | F95: 7:00 PM | G95: 10h 3m | H95: On Time
A96: 25-09-2026 | B96: Fri | C96: SFPL-10-7 10:00–19:00 | D96: Present | E96: 8:48 AM | F96: 7:28 PM | G96: 10h 40m | H96: On Time
A97: 26-09-2026 | B97: Sat | C97: SFPL-10-7 10:00–19:00 | D97: Present | E97: 8:38 AM | F97: 6:58 PM | G97: 10h 20m | H97: On Time
A98: 27-09-2026 | B98: Sun | C98: SFPL-10-7 10:00–19:00 | D98: Weekly Off | H98: —
A99: 28-09-2026 | B99: Mon | C99: SFPL-10-7 10:00–19:00 | D99: Present | E99: 8:37 AM | F99: 7:17 PM | G99: 10h 40m | H99: On Time
A100: 29-09-2026 | B100: Tue | C100: SFPL-10-7 10:00–19:00 | D100: Present | E100: 8:49 AM | F100: 6:30 PM | G100: 9h 41m | H100: Early Out (29m)
A101: 30-09-2026 | B101: Wed | C101: SFPL-10-7 10:00–19:00 | D101: Present | E101: 8:58 AM | F101: 6:45 PM | G101: 9h 47m | H101: On Time
A102: Total Worked Hours | G102: 211h 22m
A104: DAILY LOGS: ANURAG PILLAI
A105: Date | B105: Day | C105: Shift | D105: Status | E105: In Time | F105: Out Time | G105: Total Hours | H105: Late In / Early Out
A106: 01-09-2026 | B106: Tue | C106: SFPL-10-7 10:00–19:00 | D106: Present | E106: 10:43 AM | F106: 9:59 PM | G106: 11h 17m | H106: Late In (43m)
A107: 02-09-2026 | B107: Wed | C107: SFPL-10-7 10:00–19:00 | D107: Present | E107: 10:51 AM | F107: 10:57 PM | G107: 12h 6m | H107: Late In (51m)
A108: 03-09-2026 | B108: Thu | C108: SFPL-10-7 10:00–19:00 | D108: Present | E108: 10:47 AM | F108: 9:35 PM | G108: 10h 48m | H108: Late In (47m)
A109: 04-09-2026 | B109: Fri | C109: SFPL-10-7 10:00–19:00 | D109: Holiday | H109: —
A110: 05-09-2026 | B110: Sat | C110: SFPL-10-7 10:00–19:00 | D110: Present | E110: 10:25 AM | F110: 8:33 PM | G110: 10h 7m | H110: Late In (25m)
A111: 06-09-2026 | B111: Sun | C111: SFPL-10-7 10:00–19:00 | D111: Weekly Off | H111: —
A112: 07-09-2026 | B112: Mon | C112: SFPL-10-7 10:00–19:00 | D112: Present | E112: 10:44 AM | F112: 10:32 PM | G112: 11h 47m | H112: Late In (44m)
A113: 08-09-2026 | B113: Tue | C113: SFPL-10-7 10:00–19:00 | D113: Present | E113: 10:24 AM | H113: Late In (24m)
A114: 09-09-2026 | B114: Wed | C114: SFPL-10-7 10:00–19:00 | D114: Present | E114: 10:30 AM | F114: 10:13 PM | G114: 11h 43m | H114: Late In (30m)
A115: 10-09-2026 | B115: Thu | C115: SFPL-10-7 10:00–19:00 | D115: Present | E115: 10:17 AM | H115: Late In (17m)
A116: 11-09-2026 | B116: Fri | C116: SFPL-10-7 10:00–19:00 | D116: Present | E116: 11:11 AM | F116: 10:17 PM | G116: 11h 5m | H116: Late In (71m)
A117: 12-09-2026 | B117: Sat | C117: SFPL-10-7 10:00–19:00 | D117: Present | E117: 11:14 AM | F117: 10:40 PM | G117: 11h 26m | H117: Late In (74m)
A118: 13-09-2026 | B118: Sun | C118: SFPL-10-7 10:00–19:00 | D118: Weekly Off | H118: —
A119: 14-09-2026 | B119: Mon | C119: SFPL-10-7 10:00–19:00 | D119: Present | E119: 11:05 AM | F119: 9:43 PM | G119: 10h 38m | H119: Late In (65m)
A120: 15-09-2026 | B120: Tue | C120: SFPL-10-7 10:00–19:00 | D120: Present | E120: 10:35 AM | H120: Late In (35m)
A121: 16-09-2026 | B121: Wed | C121: SFPL-10-7 10:00–19:00 | D121: Present | E121: 10:11 AM | H121: On Time
...

Sheet Suraj Forwarders Private Limite
A1: SURAJ FORWARDERS PRIVATE LIMITED — ATTENDANCE & LEAVE REGISTER
A2: Period: 01 Sep 2026 to 30 Sep 2026 | Generated on: 16-Oct-2026 14:53 | Staff Count: 28
A4: Employee | B4: Total Working Days | C4: Present | D4: Absent | E4: Half Day PL | F4: Full Day PL | G4: Total PL Taken | H4: LWP Taken | I4: Week Off | J4: Holiday | M4: September Opening Balance | N4: PL Taken | O4: Available Balance | P4: Avg Hours/Day
A5: AAMIR SAIYED | B5: 28 | C5: 22 | D5: 1 | E5: 0 | F5: 0 | G5: 0 | H5: 0 | I5: 5 | J5: 1 | M5: 0 | N5: 0 | O5: 0 | P5: 7h 30m
A6: AJAY KUMAWAT | B6: 30 | C6: 24 | D6: 0 | E6: 0 | F6: 0 | G6: 0 | H6: 0 | I6: 5 | J6: 1 | M6: 12 | N6: 0 | O6: 12 | P6: 9h 0m
A7: AKASH MODI | B7: 30 | C7: 18 | D7: 0 | E7: 0 | F7: 6 | G7: 6 | H7: 0 | I7: 5 | J7: 1 | M7: 61 | N7: 6 | O7: 55 | P7: 8h 48m
A8: ASHOKKUMAR CHAUHAN | B8: 30 | C8: 22.5 | D8: 0 | E8: 1 | F8: 1 | G8: 1.5 | H8: 0 | I8: 5 | J8: 1 | M8: 14.5 | N8: 1.5 | O8: 13 | P8: 10h 0m
A9: BALVIR NANDA | B9: 30 | C9: 24 | D9: 0 | E9: 0 | F9: 2 | G9: 2 | H9: 0 | I9: 4 | J9: 0 | M9: 73.5 | N9: 2 | O9: 71.5 | P9: 11h 0m
A10: CHIRAG SHAH | B10: 30 | C10: 22.5 | D10: 0 | E10: 1 | F10: 1 | G10: 1.5 | H10: 0 | I10: 5 | J10: 1 | M10: 64 | N10: 1.5 | O10: 62.5 | P10: 8h 54m
A11: GEETHANJALI B | B11: 30 | C11: 16 | D11: 0 | E11: 0 | F11: 8 | G11: 8 | H11: 0 | I11: 5 | J11: 1 | M11: 18 | N11: 8 | O11: 10 | P11: 8h 54m
A12: JIGNESH SORATHAIA | B12: 28 | C12: 23 | D12: 0 | E12: 0 | F12: 0 | G12: 0 | H12: 2 | I12: 4 | J12: 1 | M12: 0 | N12: 0 | O12: 0 | P12: 9h 18m
A13: JYOTHISH R | B13: 30 | C13: 23 | D13: 0 | E13: 0 | F13: 1 | G13: 1 | H13: 0 | I13: 5 | J13: 1 | M13: 15.5 | N13: 1 | O13: 14.5 | P13: 9h 0m
A14: KETANKUMAR PATEL | B14: 30 | C14: 22 | D14: 0 | E14: 0 | F14: 2 | G14: 2 | H14: 0 | I14: 5 | J14: 1 | M14: 13 | N14: 2 | O14: 11 | P14: 8h 36m
A15: LEENA VIJAYAN | B15: 30 | C15: 24 | D15: 0 | E15: 0 | F15: 0 | G15: 0 | H15: 0 | I15: 5 | J15: 1 | M15: 0 | N15: 0 | O15: 0 | P15: 8h 48m
A16: MANU PILLAI | B16: 30 | C16: 23 | D16: 0 | E16: 0 | F16: 1 | G16: 1 | H16: 0 | I16: 5 | J16: 1 | M16: 21 | N16: 1 | O16: 20 | P16: 8h 54m
... A32: YASH SHAH | B32: 30 | C32: 23 | D32: 0 | E32: 0 | F32: 1 | G32: 1 | H32: 0 | I32: 5 | J32: 1 | M32: 54 | N32: 1 | O32: 53 | P32: 8h 54m
A35: DAILY LOGS: AAMIR SAIYED
A36: Date | B36: Day | C36: Shift | D36: Status | E36: In Time | F36: Out Time | G36: Total Hours | H36: Late In / Early Out
A37: 01-09-2026 | B37: Tue | C37: SFPL SHIFT 10-7 10:00–19:00 | D37: Absent | H37: —
A38: 02-09-2026 | B38: Wed | C38: SFPL SHIFT 10-7 10:00–19:00 | D38: Absent | H38: —
A39: 03-09-2026 | B39: Thu | C39: SFPL SHIFT 10-7 10:00–19:00 | D39: Present | H39: —
A40: 04-09-2026 | B40: Fri | C40: SFPL SHIFT 10-7 10:00–19:00 | D40: Holiday | H40: —
A41: 05-09-2026 | B41: Sat | C41: SFPL SHIFT 10-7 10:00–19:00 | D41: Present | H41: —
A42: 06-09-2026 | B42: Sun | C42: SFPL SHIFT 10-7 10:00–19:00 | D42: Weekly Off | H42: —
A43: 07-09-2026 | B43: Mon | C43: SFPL SHIFT 10-7 10:00–19:00 | D43: Present | E43: 4:56 PM | F43: 4:57 PM | G43: 0h 1m | H43: Late In (416m), Early Out (123m)
A44: 08-09-2026 | B44: Tue | C44: SFPL SHIFT 10-7 10:00–19:00 | D44: Present | H44: —
A45: 09-09-2026 | B45: Wed | C45: SFPL SHIFT 10-7 10:00–19:00 | D45: Present | E45: 12:22 PM | F45: 10:06 PM | G45: 9h 44m | H45: Late In (142m)
A46: 10-09-2026 | B46: Thu | C46: SFPL SHIFT 10-7 10:00–19:00 | D46: Present | E46: 11:15 AM | G46: 8h 0m | H46: Late In (75m)
A47: 11-09-2026 | B47: Fri | C47: SFPL SHIFT 10-7 10:00–19:00 | D47: Present | E47: 10:18 AM | G47: 8h 0m | H47: Late In (18m)
A48: 12-09-2026 | B48: Sat | C48: SFPL SHIFT 10-7 10:00–19:00 | D48: Weekly Off | H48: —
A49: 13-09-2026 | B49: Sun | C49: SFPL SHIFT 10-7 10:00–19:00 | D49: Weekly Off | H49: —
A50: 14-09-2026 | B50: Mon | C50: SFPL SHIFT 10-7 10:00–19:00 | D50: Present | E50: 11:44 AM | G50: 8h 0m | H50: Late In (104m)
A51: 15-09-2026 | B51: Tue | C51: SFPL SHIFT 10-7 10:00–19:00 | D51: Present | E51: 9:56 AM | F51: 6:59 PM | G51: 9h 3m | H51: On Time
A52: 16-09-2026 | B52: Wed | C52: SFPL SHIFT 10-7 10:00–19:00 | D52: Present | E52: 9:22 AM | G52: 8h 0m | H52: On Time
A53: 17-09-2026 | B53: Thu | C53: SFPL SHIFT 10-7 10:00–19:00 | D53: Present | E53: 11:05 AM | F53: 5:55 PM | G53: 6h 50m | H53: Late In (65m), Early Out (65m)
A54: 18-09-2026 | B54: Fri | C54: SFPL SHIFT 10-7 10:00–19:00 | D54: Present | E54: 10:17 AM | F54: 3:56 PM | G54: 5h 39m | H54: Late In (17m), Early Out (184m)
A55: 19-09-2026 | B55: Sat | C55: SFPL SHIFT 10-7 10:00–19:00 | D55: Present | E55: 9:26 AM | H55: On Time
A56: 20-09-2026 | B56: Sun | C56: SFPL SHIFT 10-7 10:00–19:00 | D56: Weekly Off | H56: —
A57: 21-09-2026 | B57: Mon | C57: SFPL SHIFT 10-7 10:00–19:00 | D57: Present | E57: 9:37 AM | F57: 7:34 PM | G57: 9h 57m | H57: On Time
A58: 22-09-2026 | B58: Tue | C58: SFPL SHIFT 10-7 10:00–19:00 | D58: Present | E58: 10:26 AM | G58: 8h 0m | H58: Late In (26m)
A59: 23-09-2026 | B59: Wed | C59: SFPL SHIFT 10-7 10:00–19:00 | D59: Present | E59: 10:17 AM | F59: 10:17 AM | G59: 12h 0m | H59: Late In (17m), Early Out (43m)
A60: 24-09-2026 | B60: Thu | C60: SFPL SHIFT 10-7 10:00–19:00 | D60: Present | E60: 12:26 PM | G60: 8h 0m | H60: Late In (146m)
A61: 25-09-2026 | B61: Fri | C61: SFPL SHIFT 10-7 10:00–19:00 | D61: Present | E61: 10:53 AM | F61: 10:54 AM | G61: 0h 1m | H61: Late In (53m), Early Out (485m)
A62: 26-09-2026 | B62: Sat | C62: SFPL SHIFT 10-7 10:00–19:00 | D62: Present | E62: 9:40 AM | H62: On Time
A63: 27-09-2026 | B63: Sun | C63: SFPL SHIFT 10-7 10:00–19:00 | D63: Weekly Off | H63: —
A64: 28-09-2026 | B64: Mon | C64: SFPL SHIFT 10-7 10:00–19:00 | D64: Present | E64: 10:32 AM | F64: 7:24 PM | G64: 8h 51m | H64: Late In (32m)
A65: 29-09-2026 | B65: Tue | C65: SFPL SHIFT 10-7 10:00–19:00 | D65: Present | E65: 9:09 AM | H65: On Time
A66: 30-09-2026 | B66: Wed | C66: SFPL SHIFT 10-7 10:00–19:00 | D66: Present | E66: 9:50 AM | F66: 7:08 PM | G66: 9h 18m | H66: On Time
A67: Total Worked Hours | G67: 119h 24m
A69: DAILY LOGS: AJAY KUMAWAT
A70: Date | B70: Day | C70: Shift | D70: Status | E70: In Time | F70: Out Time | G70: Total Hours | H70: Late In / Early Out
A71: 01-09-2026 | B71: Tue | C71: SFPL-10-7 10:00–19:00 | D71: Present | E71: 10:29 AM | F71: 7:30 PM | G71: 9h 1m | H71: Late In (29m)
A72: 02-09-2026 | B72: Wed | C72: SFPL-10-7 10:00–19:00 | D72: Present | E72: 11:43 AM | F72: 7:54 PM | G72: 8h 11m | H72: Late In (103m)
A73: 03-09-2026 | B73: Thu | C73: SFPL-10-7 10:00–19:00 | D73: Present | E73: 10:44 AM | F73: 5:00 PM | G73: 6h 16m | H73: Late In (44m), Early Out (120m)
A74: 04-09-2026 | B74: Fri | C74: SFPL-10-7 10:00–19:00 | D74: Holiday | H74: —
A75: 05-09-2026 | B75: Sat | C75: SFPL-10-7 10:00–19:00 | D75: Present | E75: 10:04 AM | F75: 7:07 PM | G75: 9h 3m | H75: On Time
A76: 06-09-2026 | B76: Sun | C76: SFPL-10-7 10:00–19:00 | D76: Weekly Off | H76: —
A77: 07-09-2026 | B77: Mon | C77: SFPL-10-7 10:00–19:00 | D77: Present | E77: 10:09 AM | F77: 7:19 PM | G77: 9h 10m | H77: On Time
A78: 08-09-2026 | B78: Tue | C78: SFPL-10-7 10:00–19:00 | D78: Present | E78: 9:26 AM | F78: 6:44 PM | G78: 9h 18m | H78: Early Out (15m)
A79: 09-09-2026 | B79: Wed | C79: SFPL-10-7 10:00–19:00 | D79: Present | E79: 10:14 AM | F79: 7:36 PM | G79: 9h 23m | H79: On Time
A80: 10-09-2026 | B80: Thu | C80: SFPL-10-7 10:00–19:00 | D80: Present | E80: 10:06 AM | F80: 7:28 PM | G80: 9h 21m | H80: On Time
A81: 11-09-2026 | B81: Fri | C81: SFPL-10-7 10:00–19:00 | D81: Present | E81: 10:06 AM | F81: 7:30 PM | G81: 9h 24m | H81: On Time
A82: 12-09-2026 | B82: Sat | C82: SFPL-10-7 10:00–19:00 | D82: Weekly Off | H82: —
A83: 13-09-2026 | B83: Sun | C83: SFPL-10-7 10:00–19:00 | D83: Weekly Off | H83: —
A84: 14-09-2026 | B84: Mon | C84: SFPL-10-7 10:00–19:00 | D84: Present | E84: 11:21 AM | F84: 7:28 PM | G84: 8h 7m | H84: Late In (81m)
A85: 15-09-2026 | B85: Tue | C85: SFPL-10-7 10:00–19:00 | D85: Present | E85: 10:18 AM | F85: 7:22 PM | G85: 9h 4m | H85: Late In (18m)
A86: 16-09-2026 | B86: Wed | C86: SFPL-10-7 10:00–19:00 | D86: Present | E86: 10:43 AM | F86: 7:58 PM | G86: 9h 15m | H86: Late In (43m)
A87: 17-09-2026 | B87: Thu | C87: SFPL-10-7 10:00–19:00 | D87: Present | E87: 10:25 AM | F87: 8:02 PM | G87: 9h 37m | H87: Late In (25m)
A88: 18-09-2026 | B88: Fri | C88: SFPL-10-7 10:00–19:00 | D88: Present | E88: 10:59 AM | F88: 7:44 PM | G88: 8h 45m | H88: Late In (59m)
A89: 19-09-2026 | B89: Sat | C89: SFPL-10-7 10:00–19:00 | D89: Present | E89: 10:34 AM | F89: 8:04 PM | G89: 9h 30m | H89: Late In (34m)
A90: 20-09-2026 | B90: Sun | C90: SFPL-10-7 10:00–19:00 | D90: Weekly Off | H90: —
A91: 21-09-2026 | B91: Mon | C91: SFPL-10-7 10:00–19:00 | D91: Present | E91: 10:50 AM | F91: 8:07 PM | G91: 9h 17m | H91: Late In (50m)
A92: 22-09-2026 | B92: Tue | C92: SFPL-10-7 10:00–19:00 | D92: Present | E92: 10:43 AM | F92: 8:03 PM | G92: 9h 20m | H92: Late In (43m)
A93: 23-09-2026 | B93: Wed | C93: SFPL-10-7 10:00–19:00 | D93: Present | E93: 10:44 AM | F93: 7:57 PM | G93: 9h 14m | H93: Late In (44m)
A94: 24-09-2026 | B94: Thu | C94: SFPL-10-7 10:00–19:00 | D94: Present | E94: 10:46 AM | F94: 8:15 PM | G94: 9h 29m | H94: Late In (46m)
A95: 25-09-2026 | B95: Fri | C95: SFPL-10-7 10:00–19:00 | D95: Present | E95: 10:27 AM | F95: 8:02 PM | G95: 9h 35m | H95: Late In (27m)
A96: 26-09-2026 | B96: Sat | C96: SFPL-10-7 10:00–19:00 | D96: Present | E96: 10:49 AM | F96: 7:49 PM | G96: 9h 0m | H96: Late In (49m)
A97: 27-09-2026 | B97: Sun | C97: SFPL-10-7 10:00–19:00 | D97: Weekly Off | H97: —
A98: 28-09-2026 | B98: Mon | C98: SFPL-10-7 10:00–19:00 | D98: Present | E98: 10:25 AM | F98: 7:50 PM | G98: 9h 26m | H98: Late In (25m)
A99: 29-09-2026 | B99: Tue | C99: SFPL-10-7 10:00–19:00 | D99: Present | E99: 10:29 AM | F99: 7:43 PM | G99: 9h 14m | H99: Late In (29m)
A100: 30-09-2026 | B100: Wed | C100: SFPL-10-7 10:00–19:00 | D100: Present | E100: 10:42 AM | F100: 7:29 PM | G100: 8h 47m | H100: Late In (42m)
A101: Total Worked Hours | G101: 216h 47m
A103: DAILY LOGS: AKASH MODI
A104: Date | B104: Day | C104: Shift | D104: Status | E104: In Time | F104: Out Time | G104: Total Hours | H104: Late In / Early Out
A105: 01-09-2026 | B105: Tue | C105: SFPL-10-7 10:00–19:00 | D105: Present | E105: 9:51 AM | F105: 7:01 PM | G105: 9h 10m | H105: On Time
A106: 02-09-2026 | B106: Wed | C106: SFPL-10-7 10:00–19:00 | D106: Present | E106: 10:20 AM | F106: 7:20 PM | G106: 9h 0m | H106: Late In (20m)
A107: 03-09-2026 | B107: Thu | C107: SFPL-10-7 10:00–19:00 | D107: Present | E107: 10:15 AM | F107: 7:18 PM | G107: 9h 3m | H107: Late In (15m)
A108: 04-09-2026 | B108: Fri | C108: SFPL-10-7 10:00–19:00 | D108: Holiday | H108: —
A109: 05-09-2026 | B109: Sat | C109: SFPL-10-7 10:00–19:00 | D109: PL | H109: —
A110: 06-09-2026 | B110: Sun | C110: SFPL-10-7 10:00–19:00 | D110: Weekly Off | H110: —
A111: 07-09-2026 | B111: Mon | C111: SFPL-10-7 10:00–19:00 | D111: Present | E111: 10:18 AM | F111: 7:34 PM | G111: 9h 16m | H111: Late In (18m)
A112: 08-09-2026 | B112: Tue | C112: SFPL-10-7 10:00–19:00 | D112: Present | E112: 10:44 AM | F112: 7:35 PM | G112: 8h 51m | H112: Late In (44m)
A113: 09-09-2026 | B113: Wed | C113: SFPL-10-7 10:00–19:00 | D113: Present | E113: 10:32 AM | F113: 7:36 PM | G113: 9h 4m | H113: Late In (32m)
A114: 10-09-2026 | B114: Thu | C114: SFPL-10-7 10:00–19:00 | D114: Present | E114: 10:26 AM | F114: 7:31 PM | G114: 9h 6m | H114: Late In (26m)
A115: 11-09-2026 | B115: Fri | C115: SFPL-10-7 10:00–19:00 | D115: Present | E115: 10:54 AM | F115: 7:37 PM | G115: 8h 42m | H115: Late In (54m)
A116: 12-09-2026 | B116: Sat | C116: SFPL-10-7 10:00–19:00 | D116: Weekly Off | H116: —
A117: 13-09-2026 | B117: Sun | C117: SFPL-10-7 10:00–19:00 | D117: Weekly Off | H117: —
A118: 14-09-2026 | B118: Mon | C118: SFPL-10-7 10:00–19:00 | D118: PL | H118: —
A119: 15-09-2026 | B119: Tue | C119: SFPL-10-7 10:00–19:00 | D119: Present | E119: 11:36 AM | F119: 7:41 PM | G119: 8h 5m | H119: Late In (96m)
A120: 16-09-2026 | B120: Wed | C120: SFPL-10-7 10:00–19:00 | D120: Present | E120: 10:20 AM | F120: 7:20 PM | G120: 9h 0m | H120: Late In (20m)
...

Sheet Unassigned
A1: UNASSIGNED — ATTENDANCE & LEAVE REGISTER
A2: Period: 01 Sep 2026 to 30 Sep 2026 | Generated on: 16-Oct-2026 14:53 | Staff Count: 6
A4: Employee | B4: Total Working Days | C4: Present | D4: Absent | E4: Half Day PL | F4: Full Day PL | G4: Total PL Taken | H4: LWP Taken | I4: Week Off | J4: Holiday | M4: September Opening Balance | N4: PL Taken | O4: Available Balance | P4: Avg Hours/Day
A5: DO Team Pulse | B5: 0 | C5: 0 | D5: 25 | E5: 0 | F5: 0 | G5: 0 | H5: 5 | I5: 0 | J5: 0 | M5: 12 | N5: 0 | O5: 12 | P5: 0h 0m
A6: RAMDEV SINGH | B6: 0 | C6: 0 | D6: 25 | E6: 0 | F6: 0 | G6: 0 | H6: 5 | I6: 0 | J6: 0 | M6: 12 | N6: 0 | O6: 12 | P6: 0h 0m
A7: RAMVEER SINGH | B7: 0 | C7: 0 | D7: 25 | E7: 0 | F7: 0 | G7: 0 | H7: 5 | I7: 0 | J7: 0 | M7: 12 | N7: 0 | O7: 12 | P7: 0h 0m
A8: test_admin | B8: 0 | C8: 0 | D8: 25 | E8: 0 | F8: 0 | G8: 0 | H8: 5 | I8: 0 | J8: 0 | M8: 12 | N8: 0 | O8: 12 | P8: 0h 0m
A9: THAKOR RAMESHBHAI | B9: 0 | C9: 0 | D9: 25 | E9: 0 | F9: 0 | G9: 0 | H9: 5 | I9: 0 | J9: 0 | M9: 12 | N9: 0 | O9: 12 | P9: 0h 0m
A10: VIPIN SINGH | B10: 0 | C10: 0 | D10: 25 | E10: 0 | F10: 0 | G10: 0 | H10: 5 | I10: 0 | J10: 0 | M10: 12 | N10: 0 | O10: 12 | P10: 0h 0m
A13: DAILY LOGS: DO TEAM PULSE
A14: Date | B14: Day | C14: Shift | D14: Status | E14: In Time | F14: Out Time | G14: Total Hours | H14: Late In / Early Out
A15: 01-09-2026 | B15: Tue | C15: — | D15: Absent | H15: —
A16: 02-09-2026 | B16: Wed | C16: — | D16: Absent | H16: —
A17: 03-09-2026 | B17: Thu | C17: — | D17: Absent | H17: —
A18: 04-09-2026 | B18: Fri | C18: — | D18: Absent | H18: —
A19: 05-09-2026 | B19: Sat | C19: — | D19: Absent | H19: —
A20: 06-09-2026 | B20: Sun | C20: — | D20: LWP | H20: —
A21: 07-09-2026 | B21: Mon | C21: — | D21: Absent | H21: —
A22: 08-09-2026 | B22: Tue | C22: — | D22: Absent | H22: —
A23: 09-09-2026 | B23: Wed | C23: — | D23: Absent | H23: —
A24: 10-09-2026 | B24: Thu | C24: — | D24: Absent | H24: —
A25: 11-09-2026 | B25: Fri | C25: — | D25: Absent | H25: —
A26: 12-09-2026 | B26: Sat | C26: — | D26: LWP | H26: —
... A44: 30-09-2026 | B44: Wed | C44: — | D44: Absent | H44: —
A45: Total Worked Hours | G45: 0h 0m
A47: DAILY LOGS: RAMDEV SINGH
A48: Date | B48: Day | C48: Shift | D48: Status | E48: In Time | F48: Out Time | G48: Total Hours | H48: Late In / Early Out
A49: 01-09-2026 | B49: Tue | C49: — | D49: Absent | H49: —
A50: 02-09-2026 | B50: Wed | C50: — | D50: Absent | H50: —
A51: 03-09-2026 | B51: Thu | C51: — | D51: Absent | H51: —
A52: 04-09-2026 | B52: Fri | C52: — | D52: Absent | H52: —
A53: 05-09-2026 | B53: Sat | C53: — | D53: Absent | H53: —
A54: 06-09-2026 | B54: Sun | C54: — | D54: LWP | H54: —
A55: 07-09-2026 | B55: Mon | C55: — | D55: Absent | H55: —
A56: 08-09-2026 | B56: Tue | C56: — | D56: Absent | H56: —
A57: 09-09-2026 | B57: Wed | C57: — | D57: Absent | H57: —
A58: 10-09-2026 | B58: Thu | C58: — | D58: Absent | H58: —
A59: 11-09-2026 | B59: Fri | C59: — | D59: Absent | H59: —
A60: 12-09-2026 | B60: Sat | C60: — | D60: LWP | H60: —
... A78: 30-09-2026 | B78: Wed | C78: — | D78: Absent | H78: —
A79: Total Worked Hours | G79: 0h 0m
A81: DAILY LOGS: RAMVEER SINGH
A82: Date | B82: Day | C82: Shift | D82: Status | E82: In Time | F82: Out Time | G82: Total Hours | H82: Late In / Early Out
A83: 01-09-2026 | B83: Tue | C83: — | D83: Absent | H83: —
A84: 02-09-2026 | B84: Wed | C84: — | D84: Absent | H84: —
A85: 03-09-2026 | B85: Thu | C85: — | D85: Absent | H85: —
A86: 04-09-2026 | B86: Fri | C86: — | D86: Absent | H86: —
A87: 05-09-2026 | B87: Sat | C87: — | D87: Absent | H87: —
A88: 06-09-2026 | B88: Sun | C88: — | D88: LWP | H88: —
A89: 07-09-2026 | B89: Mon | C89: — | D89: Absent | H89: —
A90: 08-09-2026 | B90: Tue | C90: — | D90: Absent | H90: —
A91: 09-09-2026 | B91: Wed | C91: — | D91: Absent | H91: —
A92: 10-09-2026 | B92: Thu | C92: — | D92: Absent | H92: —
A93: 11-09-2026 | B93: Fri | C93: — | D93: Absent | H93: —
A94: 12-09-2026 | B94: Sat | C94: — | D94: LWP | H94: —
... A112: 30-09-2026 | B112: Wed | C112: — | D112: Absent | H112: —
A113: Total Worked Hours | G113: 0h 0m
A115: DAILY LOGS: TEST_ADMIN
A116: Date | B116: Day | C116: Shift | D116: Status | E116: In Time | F116: Out Time | G116: Total Hours | H116: Late In / Early Out
A117: 01-09-2026 | B117: Tue | C117: — | D117: Absent | H117: —
A118: 02-09-2026 | B118: Wed | C118: — | D118: Absent | H118: —
A119: 03-09-2026 | B119: Thu | C119: — | D119: Absent | H119: —
A120: 04-09-2026 | B120: Fri | C120: — | D120: Absent | H120: —
A121: 05-09-2026 | B121: Sat | C121: — | D121: Absent | H121: —
A122: 06-09-2026 | B122: Sun | C122: — | D122: LWP | H122: —
A123: 07-09-2026 | B123: Mon | C123: — | D123: Absent | H123: —
A124: 08-09-2026 | B124: Tue | C124: — | D124: Absent | H124: —
A125: 09-09-2026 | B125: Wed | C125: — | D125: Absent | H125: —
A126: 10-09-2026 | B126: Thu | C126: — | D126: Absent | H126: —
A127: 11-09-2026 | B127: Fri | C127: — | D127: Absent | H127: —
A128: 12-09-2026 | B128: Sat | C128: — | D128: LWP | H128: —
... A146: 30-09-2026 | B146: Wed | C146: — | D146: Absent | H146: —
A147: Total Worked Hours | G147: 0h 0m
A149: DAILY LOGS: THAKOR RAMESHBHAI
A150: Date | B150: Day | C150: Shift | D150: Status | E150: In Time | F150: Out Time | G150: Total Hours | H150: Late In / Early Out
A151: 01-09-2026 | B151: Tue | C151: — | D151: Absent | H151: —
A152: 02-09-2026 | B152: Wed | C152: — | D152: Absent | H152: —
A153: 03-09-2026 | B153: Thu | C153: — | D153: Absent | H153: —
A154: 04-09-2026 | B154: Fri | C154: — | D154: Absent | H154: —
A155: 05-09-2026 | B155: Sat | C155: — | D155: Absent | H155: —
A156: 06-09-2026 | B156: Sun | C156: — | D156: LWP | H156: —
A157: 07-09-2026 | B157: Mon | C157: — | D157: Absent | H157: —
A158: 08-09-2026 | B158: Tue | C158: — | D158: Absent | H158: —
A159: 09-09-2026 | B159: Wed | C159: — | D159: Absent | H159: —
A160: 10-09-2026 | B160: Thu | C160: — | D160: Absent | H160: —
A161: 11-09-2026 | B161: Fri | C161: — | D161: Absent | H161: —
A162: 12-09-2026 | B162: Sat | C162: — | D162: LWP | H162: —
... A180: 30-09-2026 | B180: Wed | C180: — | D180: Absent | H180: —
A181: Total Worked Hours | G181: 0h 0m
A183: DAILY LOGS: VIPIN SINGH
A184: Date | B184: Day | C184: Shift | D184: Status | E184: In Time | F184: Out Time | G184: Total Hours | H184: Late In / Early Out
A185: 01-09-2026 | B185: Tue | C185: — | D185: Absent | H185: —
A186: 02-09-2026 | B186: Wed | C186: — | D186: Absent | H186: —
A187: 03-09-2026 | B187: Thu | C187: — | D187: Absent | H187: —
A188: 04-09-2026 | B188: Fri | C188: — | D188: Absent | H188: —
A189: 05-09-2026 | B189: Sat | C189: — | D189: Absent | H189: —
A190: 06-09-2026 | B190: Sun | C190: — | D190: LWP | H190: —
A191: 07-09-2026 | B191: Mon | C191: — | D191: Absent | H191: —
A192: 08-09-2026 | B192: Tue | C192: — | D192: Absent | H192: —
A193: 09-09-2026 | B193: Wed | C193: — | D193: Absent | H193: —
...
